Data;Godzina;RCE
20230110;1;634.42
20230110;2;601.39
20230110;3;603.84
20230110;4;612.54
20230110;5;620.74
20230110;6;699.16
20230110;7;780.09
20230110;8;905.17
20230110;9;921.94
20230110;10;927
20230110;11;918.26
20230110;12;917.97
20230110;13;914.54
20230110;14;918.59
20230110;15;923.07
20230110;16;920.83
20230110;17;941.98
20230110;18;942.55
20230110;19;937.54
20230110;20;932.47
20230110;21;917.35
20230110;22;748.23
20230110;23;749.85
20230110;24;643.59
20230111;1;610.07
20230111;2;607.56
20230111;3;568.2
20230111;4;547.86
20230111;5;536.69
20230111;6;561.26
20230111;7;638.46
20230111;8;649.92
20230111;9;688.96
20230111;10;685.06
20230111;11;687.46
20230111;12;670.07
20230111;13;686.32
20230111;14;694.76
20230111;15;699.94
20230111;16;720.11
20230111;17;749.33
20230111;18;731.31
20230111;19;723.14
20230111;20;734.79
20230111;21;720.8
20230111;22;640.31
20230111;23;666.27
20230111;24;622
20230112;1;487.96
20230112;2;475
20230112;3;459.33
20230112;4;460.81
20230112;5;458.06
20230112;6;492.85
20230112;7;597.65
20230112;8;614.33
20230112;9;635.71
20230112;10;639.47
20230112;11;587.54
20230112;12;601.96
20230112;13;587.28
20230112;14;621.75
20230112;15;623.46
20230112;16;644.13
20230112;17;625.91
20230112;18;645.66
20230112;19;612.96
20230112;20;660.96
20230112;21;623.42
20230112;22;569.65
20230112;23;530.3
20230112;24;468.57
20230113;1;445.27
20230113;2;435.64
20230113;3;379.28
20230113;4;399.43
20230113;5;382.6
20230113;6;448.18
20230113;7;509.2
20230113;8;599.6
20230113;9;631.82
20230113;10;649.07
20230113;11;644.14
20230113;12;643.76
20230113;13;663.05
20230113;14;683.68
20230113;15;677.2
20230113;16;714
20230113;17;703.21
20230113;18;699.18
20230113;19;671.26
20230113;20;671.15
20230113;21;624.79
20230113;22;503.05
20230113;23;488.02
20230113;24;448.78
20230114;1;413.32
20230114;2;389.52
20230114;3;349.64
20230114;4;364.86
20230114;5;342.91
20230114;6;388.65
20230114;7;431.03
20230114;8;458.82
20230114;9;463.29
20230114;10;461.31
20230114;11;463.62
20230114;12;480.78
20230114;13;476.69
20230114;14;490.66
20230114;15;504.45
20230114;16;527.57
20230114;17;544.57
20230114;18;543.53
20230114;19;499.54
20230114;20;478.34
20230114;21;457.45
20230114;22;453.93
20230114;23;383.26
20230114;24;318.3
20230115;1;119.23
20230115;2;117.53
20230115;3;83.68
20230115;4;83.71
20230115;5;94.85
20230115;6;118.68
20230115;7;131.06
20230115;8;196.74
20230115;9;279.21
20230115;10;377.15
20230115;11;387.85
20230115;12;415.48
20230115;13;408.32
20230115;14;432.48
20230115;15;435.69
20230115;16;453.94
20230115;17;441.06
20230115;18;445.36
20230115;19;405.98
20230115;20;417.92
20230115;21;397.28
20230115;22;404.4
20230115;23;384.14
20230115;24;303.03
20230116;1;323.14
20230116;2;327.88
20230116;3;305.46
20230116;4;347.57
20230116;5;349.91
20230116;6;439.81
20230116;7;598.48
20230116;8;765.35
20230116;9;769.88
20230116;10;796.43
20230116;11;749.81
20230116;12;787.43
20230116;13;776.12
20230116;14;799.92
20230116;15;810.16
20230116;16;856.4
20230116;17;798.24
20230116;18;806.16
20230116;19;734.84
20230116;20;719.25
20230116;21;667.66
20230116;22;592.95
20230116;23;591.93
20230116;24;476.71
20230117;1;463.44
20230117;2;452.81
20230117;3;436.07
20230117;4;435.26
20230117;5;446.61
20230117;6;480.47
20230117;7;577.57
20230117;8;677.28
20230117;9;720.7
20230117;10;721.85
20230117;11;639.59
20230117;12;632.98
20230117;13;608.42
20230117;14;667.14
20230117;15;714.73
20230117;16;788.73
20230117;17;828.94
20230117;18;851.46
20230117;19;840.33
20230117;20;866.05
20230117;21;811.26
20230117;22;754.42
20230117;23;708.27
20230117;24;613.45
20230118;1;623.98
20230118;2;598.97
20230118;3;573.33
20230118;4;573.15
20230118;5;553.01
20230118;6;599.89
20230118;7;713.29
20230118;8;853.94
20230118;9;912.02
20230118;10;884.77
20230118;11;816.76
20230118;12;805.11
20230118;13;754.63
20230118;14;792.46
20230118;15;770.83
20230118;16;800.05
20230118;17;819.53
20230118;18;849.39
20230118;19;819.54
20230118;20;811.67
20230118;21;745.86
20230118;22;667.76
20230118;23;687.35
20230118;24;605.09
20230119;1;649.86
20230119;2;627.76
20230119;3;621.06
20230119;4;619.1
20230119;5;612.57
20230119;6;643.24
20230119;7;747.98
20230119;8;821.77
20230119;9;887.08
20230119;10;844.91
20230119;11;820.6
20230119;12;831.05
20230119;13;807.79
20230119;14;885.36
20230119;15;886.11
20230119;16;857.79
20230119;17;890.39
20230119;18;921.71
20230119;19;918.78
20230119;20;902.32
20230119;21;839.22
20230119;22;727.29
20230119;23;712.55
20230119;24;673.55
20230120;1;710.16
20230120;2;674.13
20230120;3;666.72
20230120;4;650.04
20230120;5;666.29
20230120;6;725.32
20230120;7;804.36
20230120;8;950.26
20230120;9;979.63
20230120;10;978
20230120;11;955.08
20230120;12;947.63
20230120;13;934.3
20230120;14;924.31
20230120;15;925.28
20230120;16;935.47
20230120;17;945.71
20230120;18;956.4
20230120;19;946.54
20230120;20;943.78
20230120;21;849.14
20230120;22;740.58
20230120;23;735.66
20230120;24;690.35
20230121;1;604.92
20230121;2;516.04
20230121;3;498.57
20230121;4;486.58
20230121;5;494.14
20230121;6;472
20230121;7;484.72
20230121;8;497.87
20230121;9;529.45
20230121;10;516.1
20230121;11;528.29
20230121;12;525.47
20230121;13;525.42
20230121;14;525.21
20230121;15;535.11
20230121;16;528.93
20230121;17;579.55
20230121;18;574.93
20230121;19;570.98
20230121;20;540.3
20230121;21;543.68
20230121;22;516.45
20230121;23;536.71
20230121;24;493.21
20230122;1;513.8
20230122;2;472.29
20230122;3;469.01
20230122;4;455.76
20230122;5;461.17
20230122;6;470.35
20230122;7;498.61
20230122;8;513.79
20230122;9;549.29
20230122;10;577.41
20230122;11;630.22
20230122;12;650.72
20230122;13;681.7
20230122;14;656.32
20230122;15;702.91
20230122;16;675.38
20230122;17;730.38
20230122;18;704.78
20230122;19;767.82
20230122;20;682.51
20230122;21;707.47
20230122;22;622.69
20230122;23;636.97
20230122;24;569.8
20230123;1;676.86
20230123;2;658.37
20230123;3;662.28
20230123;4;660.52
20230123;5;670.79
20230123;6;701.79
20230123;7;837.28
20230123;8;970.94
20230123;9;1�044.11
20230123;10;1�052.72
20230123;11;1�038.15
20230123;12;996.06
20230123;13;971.97
20230123;14;964.62
20230123;15;958.06
20230123;16;956.65
20230123;17;999.27
20230123;18;1�029.62
20230123;19;984.25
20230123;20;956.63
20230123;21;941.22
20230123;22;875.07
20230123;23;813.21
20230123;24;718.95
20230124;1;784
20230124;2;742.14
20230124;3;740.35
20230124;4;719.84
20230124;5;741.4
20230124;6;777.04
20230124;7;853.25
20230124;8;949.73
20230124;9;1�001.19
20230124;10;1�004.57
20230124;11;981.83
20230124;12;970.52
20230124;13;962.1
20230124;14;962.27
20230124;15;955.88
20230124;16;957.04
20230124;17;968.28
20230124;18;972.9
20230124;19;959.54
20230124;20;971.12
20230124;21;915.35
20230124;22;844.03
20230124;23;801.26
20230124;24;744.18
20230125;1;750.59
20230125;2;740.53
20230125;3;742.71
20230125;4;727.92
20230125;5;729.42
20230125;6;768.55
20230125;7;829.67
20230125;8;927.22
20230125;9;966.02
20230125;10;963.25
20230125;11;951.05
20230125;12;931.58
20230125;13;920.14
20230125;14;916.51
20230125;15;923.18
20230125;16;931.9
20230125;17;945.61
20230125;18;944.51
20230125;19;943.09
20230125;20;928.75
20230125;21;867.4
20230125;22;796.99
20230125;23;795.46
20230125;24;721.98
20230126;1;709.72
20230126;2;688.13
20230126;3;686.06
20230126;4;673.58
20230126;5;700.78
20230126;6;734.05
20230126;7;788.32
20230126;8;881.53
20230126;9;928.57
20230126;10;926.14
20230126;11;913.43
20230126;12;905.66
20230126;13;886.16
20230126;14;889.96
20230126;15;885.47
20230126;16;887.78
20230126;17;916.68
20230126;18;901.95
20230126;19;908.86
20230126;20;872.71
20230126;21;819.07
20230126;22;743.68
20230126;23;760.56
20230126;24;692.48
20230127;1;696.32
20230127;2;681.87
20230127;3;656.3
20230127;4;649.95
20230127;5;655.05
20230127;6;672.53
20230127;7;730.77
20230127;8;814.22
20230127;9;847.09
20230127;10;847.98
20230127;11;847.99
20230127;12;846.48
20230127;13;845.14
20230127;14;846.03
20230127;15;840.68
20230127;16;845.06
20230127;17;847.49
20230127;18;852.66
20230127;19;852.6
20230127;20;846.71
20230127;21;791.33
20230127;22;742.07
20230127;23;737.59
20230127;24;698.53
20230128;1;675.86
20230128;2;648.97
20230128;3;637.39
20230128;4;628.45
20230128;5;630.94
20230128;6;624.55
20230128;7;643.27
20230128;8;712.8
20230128;9;754.99
20230128;10;806.29
20230128;11;823.36
20230128;12;808.33
20230128;13;807.38
20230128;14;814.92
20230128;15;758.45
20230128;16;759.21
20230128;17;789.64
20230128;18;826.79
20230128;19;813.98
20230128;20;771.08
20230128;21;721.44
20230128;22;659.25
20230128;23;621.15
20230128;24;553.09
20230129;1;515.93
20230129;2;517.22
20230129;3;527.9
20230129;4;504.09
20230129;5;518.48
20230129;6;519.57
20230129;7;527.22
20230129;8;518.77
20230129;9;532.63
20230129;10;543.01
20230129;11;547.83
20230129;12;545.43
20230129;13;522.68
20230129;14;512.23
20230129;15;514.24
20230129;16;511.54
20230129;17;520.01
20230129;18;524.9
20230129;19;524.02
20230129;20;516.73
20230129;21;504.78
20230129;22;500.21
20230129;23;427.29
20230129;24;369.82
20230130;1;292.74
20230130;2;236.62
20230130;3;209.24
20230130;4;196.42
20230130;5;246.27
20230130;6;352.36
20230130;7;500.06
20230130;8;514.23
20230130;9;527.04
20230130;10;550.31
20230130;11;553.13
20230130;12;559
20230130;13;566.17
20230130;14;563.25
20230130;15;555.21
20230130;16;545.41
20230130;17;551.83
20230130;18;566.74
20230130;19;563.03
20230130;20;557.43
20230130;21;529.13
20230130;22;511.23
20230130;23;492.84
20230130;24;394.39
20230131;1;425.6
20230131;2;431.35
20230131;3;431.27
20230131;4;431.19
20230131;5;441.67
20230131;6;489.41
20230131;7;508.96
20230131;8;522.61
20230131;9;545.11
20230131;10;562.26
20230131;11;544.27
20230131;12;543.47
20230131;13;543.17
20230131;14;552.93
20230131;15;584.92
20230131;16;598.97
20230131;17;607.72
20230131;18;585.11
20230131;19;554.59
20230131;20;536.76
20230131;21;518.38
20230131;22;505.32
20230131;23;497.16
20230131;24;428.25
20230201;1;416.06
20230201;2;343.26
20230201;3;342.75
20230201;4;345.35
20230201;5;386.64
20230201;6;445.82
20230201;7;519.07
20230201;8;518.71
20230201;9;519.08
20230201;10;524.6
20230201;11;524.51
20230201;12;530.76
20230201;13;530.74
20230201;14;523.25
20230201;15;523.28
20230201;16;523.33
20230201;17;529
20230201;18;532.08
20230201;19;530.64
20230201;20;529.01
20230201;21;520.67
20230201;22;511.35
20230201;23;518.69
20230201;24;456.06
20230202;1;464.55
20230202;2;435.58
20230202;3;435.81
20230202;4;444.85
20230202;5;464.84
20230202;6;508.46
20230202;7;528.1
20230202;8;545.26
20230202;9;595.73
20230202;10;604.65
20230202;11;590.22
20230202;12;580.79
20230202;13;587.4
20230202;14;586.29
20230202;15;591.86
20230202;16;627.77
20230202;17;666.85
20230202;18;686.18
20230202;19;691.77
20230202;20;740.77
20230202;21;720.18
20230202;22;655.67
20230202;23;628.66
20230202;24;556.28
20230203;1;591.17
20230203;2;578.83
20230203;3;583.71
20230203;4;584.23
20230203;5;587.21
20230203;6;602.3
20230203;7;699.97
20230203;8;739.77
20230203;9;759.16
20230203;10;750.22
20230203;11;697.13
20230203;12;662.05
20230203;13;645.68
20230203;14;628.41
20230203;15;608.43
20230203;16;610.37
20230203;17;632.13
20230203;18;632.18
20230203;19;623.23
20230203;20;628.61
20230203;21;608.03
20230203;22;582.49
20230203;23;571.62
20230203;24;561.39
20230204;1;509.27
20230204;2;487.15
20230204;3;508.98
20230204;4;542.33
20230204;5;552.7
20230204;6;558.66
20230204;7;581.12
20230204;8;629.96
20230204;9;660.75
20230204;10;692.23
20230204;11;690.45
20230204;12;656.02
20230204;13;626.62
20230204;14;622.98
20230204;15;622.52
20230204;16;646.98
20230204;17;677.18
20230204;18;702.8
20230204;19;693.1
20230204;20;698.07
20230204;21;682.97
20230204;22;636.02
20230204;23;615.32
20230204;24;568.54
20230205;1;584.87
20230205;2;567.41
20230205;3;564.56
20230205;4;576.56
20230205;5;569.76
20230205;6;556.68
20230205;7;563.33
20230205;8;566.03
20230205;9;588.04
20230205;10;597.63
20230205;11;599.3
20230205;12;605.74
20230205;13;589.69
20230205;14;581.79
20230205;15;596.62
20230205;16;627.55
20230205;17;746.95
20230205;18;783.17
20230205;19;801.79
20230205;20;802.52
20230205;21;784.04
20230205;22;732.37
20230205;23;714.72
20230205;24;645.02
20230206;1;666.24
20230206;2;633.73
20230206;3;649.58
20230206;4;644.51
20230206;5;626.68
20230206;6;699.83
20230206;7;810.24
20230206;8;907.42
20230206;9;984.92
20230206;10;960.29
20230206;11;930.56
20230206;12;900.84
20230206;13;880.09
20230206;14;869.48
20230206;15;860.77
20230206;16;910.35
20230206;17;959.84
20230206;18;992.48
20230206;19;996.43
20230206;20;977.04
20230206;21;886.68
20230206;22;811.11
20230206;23;799.57
20230206;24;716.44
20230207;1;723.68
20230207;2;703.86
20230207;3;703.54
20230207;4;703.32
20230207;5;701.53
20230207;6;744.61
20230207;7;811.55
20230207;8;906.26
20230207;9;977.25
20230207;10;909.04
20230207;11;839.06
20230207;12;818.04
20230207;13;818.62
20230207;14;829.93
20230207;15;830.1
20230207;16;824.28
20230207;17;899.11
20230207;18;971.72
20230207;19;964.49
20230207;20;981.32
20230207;21;898.71
20230207;22;813.31
20230207;23;805.03
20230207;24;755.41
20230208;1;781.59
20230208;2;766.94
20230208;3;770.94
20230208;4;767.73
20230208;5;739.05
20230208;6;750.24
20230208;7;818.43
20230208;8;895.41
20230208;9;918.18
20230208;10;850.09
20230208;11;756.57
20230208;12;734.18
20230208;13;734.6
20230208;14;740.3
20230208;15;786.61
20230208;16;797.07
20230208;17;847.28
20230208;18;862.34
20230208;19;864.66
20230208;20;851.67
20230208;21;808.38
20230208;22;722.8
20230208;23;728.48
20230208;24;635.45
20230209;1;601.81
20230209;2;593.01
20230209;3;583.86
20230209;4;584.29
20230209;5;600.79
20230209;6;640.04
20230209;7;716.86
20230209;8;769.29
20230209;9;782.89
20230209;10;736.07
20230209;11;624.94
20230209;12;602.69
20230209;13;599.71
20230209;14;616.12
20230209;15;646.78
20230209;16;707.25
20230209;17;773.27
20230209;18;783.74
20230209;19;768.12
20230209;20;790.88
20230209;21;748.51
20230209;22;653.35
20230209;23;611.53
20230209;24;538.61
20230210;1;531.93
20230210;2;523.34
20230210;3;521.38
20230210;4;521.77
20230210;5;541.29
20230210;6;557.14
20230210;7;723.34
20230210;8;707.43
20230210;9;699.94
20230210;10;693.54
20230210;11;620.8
20230210;12;583.73
20230210;13;565.87
20230210;14;600.62
20230210;15;606.97
20230210;16;661.92
20230210;17;714.9
20230210;18;740.21
20230210;19;739.92
20230210;20;665.3
20230210;21;621.8
20230210;22;570.77
20230210;23;531.68
20230210;24;468.05
20230211;1;470.04
20230211;2;446.25
20230211;3;427.09
20230211;4;420.05
20230211;5;416.09
20230211;6;412.15
20230211;7;415.77
20230211;8;442.38
20230211;9;483.43
20230211;10;509.78
20230211;11;502.41
20230211;12;501.08
20230211;13;539.76
20230211;14;540.92
20230211;15;541.57
20230211;16;545.84
20230211;17;554.55
20230211;18;647.13
20230211;19;659.83
20230211;20;672.8
20230211;21;656.09
20230211;22;631.65
20230211;23;631.06
20230211;24;570.54
20230212;1;588.31
20230212;2;572.4
20230212;3;586.38
20230212;4;574.76
20230212;5;570.15
20230212;6;575.8
20230212;7;588.12
20230212;8;611.51
20230212;9;670.88
20230212;10;667.38
20230212;11;652.33
20230212;12;632.05
20230212;13;604.58
20230212;14;578.61
20230212;15;578.45
20230212;16;615.74
20230212;17;677.14
20230212;18;742.34
20230212;19;783.82
20230212;20;772.53
20230212;21;761.47
20230212;22;705.47
20230212;23;631.24
20230212;24;556.42
20230213;1;580.08
20230213;2;570.91
20230213;3;571.23
20230213;4;580.22
20230213;5;577.42
20230213;6;588.74
20230213;7;686.19
20230213;8;779.17
20230213;9;790.58
20230213;10;741.13
20230213;11;679.45
20230213;12;667.51
20230213;13;657.22
20230213;14;655.47
20230213;15;671.91
20230213;16;723.99
20230213;17;772.42
20230213;18;790.53
20230213;19;774.98
20230213;20;780.17
20230213;21;749.89
20230213;22;704.55
20230213;23;702.59
20230213;24;669.99
20230214;1;688.13
20230214;2;662.76
20230214;3;659.22
20230214;4;674.34
20230214;5;720.62
20230214;6;744.95
20230214;7;809.1
20230214;8;901.14
20230214;9;953.69
20230214;10;886.21
20230214;11;804.97
20230214;12;776.99
20230214;13;759.58
20230214;14;776.35
20230214;15;793.09
20230214;16;807.29
20230214;17;895.14
20230214;18;950.18
20230214;19;976.24
20230214;20;981.92
20230214;21;898.09
20230214;22;824.31
20230214;23;796.28
20230214;24;744
20230215;1;700.71
20230215;2;686.87
20230215;3;698.17
20230215;4;694.77
20230215;5;711.23
20230215;6;749.87
20230215;7;811.48
20230215;8;893.4
20230215;9;912.53
20230215;10;843.41
20230215;11;783
20230215;12;733.05
20230215;13;732.15
20230215;14;728.68
20230215;15;765.37
20230215;16;808.6
20230215;17;864.93
20230215;18;895.52
20230215;19;893.58
20230215;20;886.3
20230215;21;832.92
20230215;22;759.9
20230215;23;753.71
20230215;24;698.48
20230216;1;653.39
20230216;2;649.96
20230216;3;632.45
20230216;4;623.13
20230216;5;642.94
20230216;6;709.4
20230216;7;754.24
20230216;8;797.66
20230216;9;804.93
20230216;10;775.42
20230216;11;707.58
20230216;12;689.91
20230216;13;668.06
20230216;14;669.1
20230216;15;708.35
20230216;16;771.91
20230216;17;799.59
20230216;18;822.46
20230216;19;809.73
20230216;20;804.25
20230216;21;796.2
20230216;22;741.25
20230216;23;715.31
20230216;24;663.91
20230217;1;654.02
20230217;2;626.62
20230217;3;641.02
20230217;4;641.57
20230217;5;648.92
20230217;6;688.08
20230217;7;730.28
20230217;8;770.19
20230217;9;782.81
20230217;10;772.01
20230217;11;745.72
20230217;12;752.43
20230217;13;700.01
20230217;14;679.13
20230217;15;676.02
20230217;16;673.63
20230217;17;655.77
20230217;18;663.24
20230217;19;614.32
20230217;20;618.89
20230217;21;566.46
20230217;22;508.37
20230217;23;494.52
20230217;24;435.87
20230218;1;448.77
20230218;2;414.86
20230218;3;390.39
20230218;4;368.1
20230218;5;350.77
20230218;6;388.9
20230218;7;433.14
20230218;8;451.09
20230218;9;488.42
20230218;10;502.19
20230218;11;497.36
20230218;12;502.19
20230218;13;496.26
20230218;14;529.55
20230218;15;546.05
20230218;16;557.39
20230218;17;575.49
20230218;18;597.02
20230218;19;600.84
20230218;20;592.35
20230218;21;568.92
20230218;22;556.13
20230218;23;559.4
20230218;24;521.44
20230219;1;480.9
20230219;2;464.12
20230219;3;449.05
20230219;4;426.4
20230219;5;427.1
20230219;6;440.15
20230219;7;458.29
20230219;8;488.36
20230219;9;529.46
20230219;10;541.74
20230219;11;516.7
20230219;12;480.19
20230219;13;452.48
20230219;14;451.12
20230219;15;440.4
20230219;16;484.25
20230219;17;552.42
20230219;18;610.34
20230219;19;640.24
20230219;20;639.78
20230219;21;592.69
20230219;22;542.76
20230219;23;524.04
20230219;24;469.11
20230220;1;388.32
20230220;2;386.26
20230220;3;388.27
20230220;4;387.33
20230220;5;388.47
20230220;6;451.04
20230220;7;561.92
20230220;8;600.91
20230220;9;624.49
20230220;10;610.1
20230220;11;592.41
20230220;12;562.55
20230220;13;552.82
20230220;14;540.52
20230220;15;538.02
20230220;16;530.17
20230220;17;567.75
20230220;18;584.37
20230220;19;574.02
20230220;20;578.5
20230220;21;540.78
20230220;22;507
20230220;23;489.32
20230220;24;411.86
20230221;1;297.36
20230221;2;274.69
20230221;3;246.69
20230221;4;248.74
20230221;5;313.96
20230221;6;413.24
20230221;7;498.35
20230221;8;545.06
20230221;9;566.35
20230221;10;561.55
20230221;11;545.05
20230221;12;536.37
20230221;13;525.42
20230221;14;547.26
20230221;15;563.39
20230221;16;613.14
20230221;17;694.32
20230221;18;759.85
20230221;19;799.46
20230221;20;798.78
20230221;21;765.38
20230221;22;741.17
20230221;23;729.61
20230221;24;659.19
20230222;1;666.55
20230222;2;650.01
20230222;3;642.87
20230222;4;640.39
20230222;5;642.46
20230222;6;707.31
20230222;7;789.99
20230222;8;846.37
20230222;9;865.54
20230222;10;821.69
20230222;11;773.1
20230222;12;717.54
20230222;13;721.69
20230222;14;741.96
20230222;15;751.08
20230222;16;803.34
20230222;17;817.01
20230222;18;838.77
20230222;19;863.48
20230222;20;844.85
20230222;21;799.22
20230222;22;730.2
20230222;23;712.13
20230222;24;636.83
20230223;1;624.32
20230223;2;605.35
20230223;3;592.49
20230223;4;585.98
20230223;5;598.7
20230223;6;620.42
20230223;7;730.42
20230223;8;809.53
20230223;9;817.06
20230223;10;788.09
20230223;11;737.68
20230223;12;713.92
20230223;13;702.56
20230223;14;698.96
20230223;15;715.01
20230223;16;747.42
20230223;17;787.38
20230223;18;792.55
20230223;19;788.92
20230223;20;796.02
20230223;21;757.47
20230223;22;702.54
20230223;23;692.27
20230223;24;633.41
20230224;1;603.94
20230224;2;573.53
20230224;3;567.61
20230224;4;568.92
20230224;5;565.81
20230224;6;661.39
20230224;7;710.6
20230224;8;748.33
20230224;9;755.54
20230224;10;749.81
20230224;11;719.83
20230224;12;708.81
20230224;13;703.55
20230224;14;697.94
20230224;15;697.28
20230224;16;711.96
20230224;17;717.95
20230224;18;772.87
20230224;19;771.29
20230224;20;768.07
20230224;21;715.84
20230224;22;653.15
20230224;23;659.23
20230224;24;572.78
20230225;1;561.48
20230225;2;556.44
20230225;3;553.12
20230225;4;544.26
20230225;5;548.37
20230225;6;544.3
20230225;7;515.06
20230225;8;535.58
20230225;9;558.6
20230225;10;563.68
20230225;11;564.01
20230225;12;569.56
20230225;13;552.84
20230225;14;551.96
20230225;15;552.6
20230225;16;551.37
20230225;17;559.45
20230225;18;579.11
20230225;19;599.75
20230225;20;598.08
20230225;21;573.56
20230225;22;559.11
20230225;23;559.81
20230225;24;506.84
20230226;1;492.41
20230226;2;463.97
20230226;3;457.29
20230226;4;462.49
20230226;5;464.47
20230226;6;492.7
20230226;7;496.25
20230226;8;502.16
20230226;9;492.44
20230226;10;489.59
20230226;11;492.74
20230226;12;492.74
20230226;13;492.49
20230226;14;489.84
20230226;15;492.75
20230226;16;550.78
20230226;17;570.01
20230226;18;665.81
20230226;19;717.34
20230226;20;731.87
20230226;21;709.68
20230226;22;704.01
20230226;23;671.97
20230226;24;607.58
20230227;1;652.54
20230227;2;596.79
20230227;3;609.99
20230227;4;612.3
20230227;5;617.41
20230227;6;680.29
20230227;7;766.56
20230227;8;852.97
20230227;9;869.02
20230227;10;808.29
20230227;11;740.48
20230227;12;707.54
20230227;13;714.31
20230227;14;708.81
20230227;15;704.12
20230227;16;729.18
20230227;17;792.8
20230227;18;859.42
20230227;19;876.75
20230227;20;875.36
20230227;21;844.97
20230227;22;772.09
20230227;23;745.67
20230227;24;692.88
20230228;1;678.86
20230228;2;684.87
20230228;3;684.41
20230228;4;689.32
20230228;5;687.73
20230228;6;698.87
20230228;7;808.45
20230228;8;868.91
20230228;9;848.89
20230228;10;737.45
20230228;11;648.7
20230228;12;600.27
20230228;13;590.58
20230228;14;594.65
20230228;15;613.32
20230228;16;680.18
20230228;17;745.51
20230228;18;856.96
20230228;19;921.63
20230228;20;944.35
20230228;21;856.38
20230228;22;774.09
20230228;23;748.37
20230228;24;691.39
20230301;1;635.34
20230301;2;634.06
20230301;3;634.02
20230301;4;635.88
20230301;5;638.27
20230301;6;669.31
20230301;7;770.24
20230301;8;830.19
20230301;9;829.99
20230301;10;716.01
20230301;11;633.31
20230301;12;593.65
20230301;13;587.35
20230301;14;590.35
20230301;15;620.85
20230301;16;673.49
20230301;17;758.06
20230301;18;849.85
20230301;19;907.55
20230301;20;899.84
20230301;21;848.74
20230301;22;765.85
20230301;23;732.28
20230301;24;687.56
20230302;1;679.24
20230302;2;647.7
20230302;3;660.53
20230302;4;667.52
20230302;5;647.05
20230302;6;708.89
20230302;7;806.33
20230302;8;849.89
20230302;9;850.75
20230302;10;729.47
20230302;11;653.57
20230302;12;597.07
20230302;13;588.04
20230302;14;589.86
20230302;15;624.51
20230302;16;701.24
20230302;17;788.52
20230302;18;867.16
20230302;19;897.73
20230302;20;887.39
20230302;21;859.9
20230302;22;775.07
20230302;23;755.79
20230302;24;671.99
20230303;1;639.76
20230303;2;606.19
20230303;3;597.32
20230303;4;595.85
20230303;5;599.36
20230303;6;647.77
20230303;7;771.25
20230303;8;821
20230303;9;819.9
20230303;10;771.29
20230303;11;636.09
20230303;12;570.39
20230303;13;563.22
20230303;14;561.38
20230303;15;554.37
20230303;16;621.24
20230303;17;710.49
20230303;18;791.18
20230303;19;766.17
20230303;20;736.71
20230303;21;667.57
20230303;22;555.71
20230303;23;552.01
20230303;24;496.82
20230304;1;444.03
20230304;2;432.23
20230304;3;445.97
20230304;4;444.52
20230304;5;454.87
20230304;6;443.65
20230304;7;456
20230304;8;482.61
20230304;9;499.89
20230304;10;501.98
20230304;11;474.87
20230304;12;457.38
20230304;13;456.14
20230304;14;437.23
20230304;15;460.23
20230304;16;501.11
20230304;17;534.42
20230304;18;614.05
20230304;19;678.48
20230304;20;682.3
20230304;21;646.15
20230304;22;585.37
20230304;23;553.52
20230304;24;505.15
20230305;1;520.9
20230305;2;498.07
20230305;3;473.57
20230305;4;470.37
20230305;5;465.57
20230305;6;472.13
20230305;7;471.88
20230305;8;492.15
20230305;9;505.15
20230305;10;494.12
20230305;11;481.27
20230305;12;481
20230305;13;474.95
20230305;14;475.96
20230305;15;486.07
20230305;16;518.22
20230305;17;543.76
20230305;18;665.16
20230305;19;720.97
20230305;20;735.66
20230305;21;699.92
20230305;22;676.09
20230305;23;632.04
20230305;24;547.33
20230306;1;591.68
20230306;2;567.69
20230306;3;562.5
20230306;4;567.45
20230306;5;568.27
20230306;6;621.61
20230306;7;758.28
20230306;8;852.88
20230306;9;867.85
20230306;10;812.05
20230306;11;792.05
20230306;12;766.24
20230306;13;747.22
20230306;14;747.77
20230306;15;746.63
20230306;16;777.61
20230306;17;800.12
20230306;18;844.51
20230306;19;878.13
20230306;20;870.41
20230306;21;807.94
20230306;22;723.91
20230306;23;665.7
20230306;24;568.92
20230307;1;571.72
20230307;2;550.54
20230307;3;542.3
20230307;4;540.52
20230307;5;541.56
20230307;6;567.6
20230307;7;636.19
20230307;8;651.31
20230307;9;618.23
20230307;10;581.36
20230307;11;532.12
20230307;12;520.77
20230307;13;509.28
20230307;14;512.74
20230307;15;517.3
20230307;16;533.45
20230307;17;565.88
20230307;18;649.89
20230307;19;693.28
20230307;20;666.66
20230307;21;675.31
20230307;22;563.62
20230307;23;549.25
20230307;24;510.29
20230308;1;504.88
20230308;2;491.33
20230308;3;497.17
20230308;4;513.19
20230308;5;526.86
20230308;6;575.12
20230308;7;687.43
20230308;8;748.73
20230308;9;790.44
20230308;10;760.47
20230308;11;717.68
20230308;12;657.58
20230308;13;666.54
20230308;14;658.31
20230308;15;684.05
20230308;16;714.61
20230308;17;746.32
20230308;18;778.79
20230308;19;835.66
20230308;20;833.92
20230308;21;785.45
20230308;22;732.18
20230308;23;684.59
20230308;24;579.29
20230309;1;572.41
20230309;2;568.21
20230309;3;568.51
20230309;4;568.49
20230309;5;569.05
20230309;6;594.66
20230309;7;677.64
20230309;8;765.13
20230309;9;793.12
20230309;10;766.25
20230309;11;707.83
20230309;12;669.62
20230309;13;646.8
20230309;14;643.24
20230309;15;654.24
20230309;16;726.88
20230309;17;795.79
20230309;18;819.55
20230309;19;826.52
20230309;20;819.18
20230309;21;813.16
20230309;22;688.52
20230309;23;615.99
20230309;24;545.62
20230310;1;579.16
20230310;2;564.56
20230310;3;563.81
20230310;4;563.95
20230310;5;562.94
20230310;6;582.51
20230310;7;646.45
20230310;8;714.13
20230310;9;709.3
20230310;10;668.86
20230310;11;603.67
20230310;12;588.66
20230310;13;562.39
20230310;14;562.58
20230310;15;600.11
20230310;16;654.59
20230310;17;716.33
20230310;18;758.7
20230310;19;783.37
20230310;20;775.97
20230310;21;723.12
20230310;22;670.14
20230310;23;628.29
20230310;24;586.16
20230311;1;569.27
20230311;2;554.45
20230311;3;508.19
20230311;4;491.34
20230311;5;482.28
20230311;6;473.27
20230311;7;483.93
20230311;8;500.57
20230311;9;498.07
20230311;10;485.05
20230311;11;490.97
20230311;12;449.11
20230311;13;446.4
20230311;14;440.6
20230311;15;435.73
20230311;16;447.32
20230311;17;512.24
20230311;18;583.48
20230311;19;602.32
20230311;20;602.89
20230311;21;585.3
20230311;22;553.02
20230311;23;529.85
20230311;24;459.86
20230312;1;434.34
20230312;2;384.66
20230312;3;366.82
20230312;4;342.98
20230312;5;342.96
20230312;6;349.54
20230312;7;322.79
20230312;8;331.99
20230312;9;365.2
20230312;10;346.64
20230312;11;293.77
20230312;12;293.4
20230312;13;298.61
20230312;14;306.53
20230312;15;344.74
20230312;16;411.1
20230312;17;539.15
20230312;18;614.33
20230312;19;635.87
20230312;20;639.88
20230312;21;608.51
20230312;22;568.64
20230312;23;596.51
20230312;24;565.93
20230313;1;483.84
20230313;2;454.95
20230313;3;440.25
20230313;4;432.68
20230313;5;456.41
20230313;6;516.45
20230313;7;597.09
20230313;8;608.02
20230313;9;623.87
20230313;10;591.74
20230313;11;536.7
20230313;12;528.93
20230313;13;512.84
20230313;14;516.61
20230313;15;515.71
20230313;16;519.79
20230313;17;535.67
20230313;18;591.95
20230313;19;594.74
20230313;20;596.37
20230313;21;583.3
20230313;22;516.5
20230313;23;520.61
20230313;24;451.35
20230314;1;363.62
20230314;2;349.88
20230314;3;349.76
20230314;4;363.34
20230314;5;389.98
20230314;6;449.55
20230314;7;538.09
20230314;8;530.12
20230314;9;518.34
20230314;10;467.39
20230314;11;420.18
20230314;12;405.88
20230314;13;400.02
20230314;14;417.44
20230314;15;443.96
20230314;16;495.22
20230314;17;551.52
20230314;18;585.05
20230314;19;595.76
20230314;20;622.11
20230314;21;586.86
20230314;22;521.36
20230314;23;519.05
20230314;24;473.1
20230315;1;481.76
20230315;2;467.49
20230315;3;470.56
20230315;4;460.84
20230315;5;479.92
20230315;6;543.54
20230315;7;609.28
20230315;8;651.68
20230315;9;660.28
20230315;10;568.34
20230315;11;523.59
20230315;12;500.68
20230315;13;481.42
20230315;14;498.63
20230315;15;514.01
20230315;16;533.62
20230315;17;604.8
20230315;18;709.14
20230315;19;803.86
20230315;20;821.49
20230315;21;738.48
20230315;22;676
20230315;23;634.74
20230315;24;586.39
20230316;1;554.12
20230316;2;552
20230316;3;548.24
20230316;4;548.25
20230316;5;550
20230316;6;558.03
20230316;7;618.34
20230316;8;670.77
20230316;9;656.66
20230316;10;557.7
20230316;11;506.69
20230316;12;471.79
20230316;13;476.34
20230316;14;506.21
20230316;15;528.59
20230316;16;554.74
20230316;17;646.07
20230316;18;771.22
20230316;19;813.62
20230316;20;810.28
20230316;21;790.99
20230316;22;681.32
20230316;23;618.32
20230316;24;551.52
20230317;1;520.46
20230317;2;531.89
20230317;3;523.24
20230317;4;515.8
20230317;5;519.94
20230317;6;522.72
20230317;7;542.26
20230317;8;547.31
20230317;9;520.16
20230317;10;457.49
20230317;11;410.95
20230317;12;388.91
20230317;13;374.14
20230317;14;370.86
20230317;15;406.66
20230317;16;455.69
20230317;17;522.83
20230317;18;579.77
20230317;19;604.63
20230317;20;602.01
20230317;21;562.17
20230317;22;519.02
20230317;23;516.32
20230317;24;495.02
20230318;1;468.57
20230318;2;443.04
20230318;3;439.78
20230318;4;434.92
20230318;5;437.85
20230318;6;452.02
20230318;7;459.11
20230318;8;470.06
20230318;9;450.24
20230318;10;440.39
20230318;11;399.01
20230318;12;394.28
20230318;13;397.4
20230318;14;434.53
20230318;15;460.83
20230318;16;521.17
20230318;17;541.95
20230318;18;603.66
20230318;19;652.43
20230318;20;648.98
20230318;21;614.92
20230318;22;576.45
20230318;23;564.35
20230318;24;534.47
20230319;1;514.25
20230319;2;506.42
20230319;3;507.48
20230319;4;507.45
20230319;5;507.17
20230319;6;506.84
20230319;7;508.18
20230319;8;504.78
20230319;9;464.37
20230319;10;460.07
20230319;11;441.48
20230319;12;426.71
20230319;13;421.17
20230319;14;426.77
20230319;15;453.79
20230319;16;508.36
20230319;17;533.11
20230319;18;621.53
20230319;19;696.55
20230319;20;733.52
20230319;21;687.4
20230319;22;629.69
20230319;23;602.68
20230319;24;534.07
20230320;1;547.8
20230320;2;516.33
20230320;3;512.49
20230320;4;513.95
20230320;5;520.94
20230320;6;581.57
20230320;7;706.43
20230320;8;761.58
20230320;9;747.59
20230320;10;671.17
20230320;11;602.88
20230320;12;569.89
20230320;13;538.74
20230320;14;546.18
20230320;15;563.56
20230320;16;582.42
20230320;17;637.82
20230320;18;770.53
20230320;19;773.29
20230320;20;794.25
20230320;21;762.51
20230320;22;685.14
20230320;23;631.73
20230320;24;595.7
20230321;1;549.29
20230321;2;520.25
20230321;3;518.2
20230321;4;510.53
20230321;5;525.87
20230321;6;572.68
20230321;7;686.9
20230321;8;740.77
20230321;9;746.05
20230321;10;681.07
20230321;11;605.2
20230321;12;598.5
20230321;13;602.93
20230321;14;605.02
20230321;15;605.02
20230321;16;631.37
20230321;17;716.82
20230321;18;784.64
20230321;19;813.64
20230321;20;812.02
20230321;21;783.6
20230321;22;669.71
20230321;23;572.52
20230321;24;522.38
20230322;1;528.62
20230322;2;520.13
20230322;3;516.49
20230322;4;519.66
20230322;5;523.67
20230322;6;519.32
20230322;7;566.98
20230322;8;564.67
20230322;9;564.81
20230322;10;521.82
20230322;11;518.77
20230322;12;513.89
20230322;13;513.55
20230322;14;518.03
20230322;15;521.29
20230322;16;567.89
20230322;17;582.16
20230322;18;662.4
20230322;19;687.4
20230322;20;656.33
20230322;21;616.53
20230322;22;558.35
20230322;23;521.04
20230322;24;516.56
20230323;1;475.47
20230323;2;470.36
20230323;3;469.58
20230323;4;470.86
20230323;5;501.28
20230323;6;520.59
20230323;7;541.14
20230323;8;526.46
20230323;9;516.4
20230323;10;495.66
20230323;11;454.65
20230323;12;452.71
20230323;13;452.49
20230323;14;452.53
20230323;15;463.21
20230323;16;513.65
20230323;17;537.28
20230323;18;581.66
20230323;19;625.9
20230323;20;646.21
20230323;21;597.23
20230323;22;563.9
20230323;23;524.07
20230323;24;523.21
20230324;1;522.01
20230324;2;501.54
20230324;3;499.91
20230324;4;490.6
20230324;5;521.21
20230324;6;506.59
20230324;7;528.39
20230324;8;526.22
20230324;9;508.83
20230324;10;498.96
20230324;11;474.95
20230324;12;449.13
20230324;13;449.16
20230324;14;459.13
20230324;15;462.93
20230324;16;483.06
20230324;17;519.97
20230324;18;528.64
20230324;19;556.98
20230324;20;572.74
20230324;21;545.79
20230324;22;512.19
20230324;23;523.5
20230324;24;507.71
20230325;1;501.29
20230325;2;480.47
20230325;3;482.59
20230325;4;480.63
20230325;5;510.12
20230325;6;487.53
20230325;7;493.44
20230325;8;488.9
20230325;9;490.32
20230325;10;509.74
20230325;11;510.33
20230325;12;492.63
20230325;13;497.92
20230325;14;493.5
20230325;15;477.05
20230325;16;478.65
20230325;17;518.36
20230325;18;531.47
20230325;19;546.16
20230325;20;565.89
20230325;21;548.97
20230325;22;533.33
20230325;23;510.21
20230325;24;423.15
20230326;1;358.71
20230326;3;301.95
20230326;4;286.27
20230326;5;291.57
20230326;6;289.17
20230326;7;294.12
20230326;8;308.38
20230326;9;266.84
20230326;10;283.36
20230326;11;226.57
20230326;12;228.61
20230326;13;151.46
20230326;14;142.46
20230326;15;147.38
20230326;16;158.05
20230326;17;272.16
20230326;18;440.51
20230326;19;514.54
20230326;20;557.89
20230326;21;553.91
20230326;22;526.55
20230326;23;495.09
20230326;24;477.42
20230327;1;512.19
20230327;2;508.59
20230327;3;500.83
20230327;4;497.26
20230327;5;498.95
20230327;6;509.61
20230327;7;560.79
20230327;8;630.5
20230327;9;607.24
20230327;10;566.4
20230327;11;523.6
20230327;12;513.51
20230327;13;511.76
20230327;14;508.08
20230327;15;508.1
20230327;16;506.48
20230327;17;507.65
20230327;18;513.82
20230327;19;549.07
20230327;20;621.13
20230327;21;647.48
20230327;22;558.42
20230327;23;532.91
20230327;24;510.81
20230328;1;516.78
20230328;2;513.78
20230328;3;510.7
20230328;4;499.16
20230328;5;499.31
20230328;6;513.7
20230328;7;561.89
20230328;8;545.97
20230328;9;524.47
20230328;10;511.33
20230328;11;442.03
20230328;12;402.06
20230328;13;376.41
20230328;14;377.3
20230328;15;371.68
20230328;16;406.61
20230328;17;459.52
20230328;18;515.27
20230328;19;614.26
20230328;20;622.63
20230328;21;636.69
20230328;22;584.27
20230328;23;577.99
20230328;24;528.05
20230329;1;540.45
20230329;2;525.99
20230329;3;518.38
20230329;4;516.42
20230329;5;526.41
20230329;6;556.29
20230329;7;605.58
20230329;8;663.08
20230329;9;651.56
20230329;10;606.83
20230329;11;574.98
20230329;12;528.47
20230329;13;508.4
20230329;14;491.25
20230329;15;489.62
20230329;16;508.43
20230329;17;545.66
20230329;18;613.17
20230329;19;705.99
20230329;20;751.01
20230329;21;743.88
20230329;22;628.69
20230329;23;589.06
20230329;24;528.68
20230330;1;522.93
20230330;2;518.86
20230330;3;520.29
20230330;4;520.33
20230330;5;523.97
20230330;6;522.79
20230330;7;581.64
20230330;8;611.16
20230330;9;603.19
20230330;10;571.64
20230330;11;570.56
20230330;12;605.8
20230330;13;605.24
20230330;14;587.28
20230330;15;520.98
20230330;16;520.3
20230330;17;525.75
20230330;18;578.72
20230330;19;602.02
20230330;20;619.29
20230330;21;629.24
20230330;22;557.47
20230330;23;552.07
20230330;24;522.61
20230331;1;493.86
20230331;2;491.21
20230331;3;489.8
20230331;4;491.75
20230331;5;508.19
20230331;6;579.21
20230331;7;590.98
20230331;8;622.55
20230331;9;632.65
20230331;10;596.16
20230331;11;583.27
20230331;12;581.37
20230331;13;581.48
20230331;14;585.3
20230331;15;587.12
20230331;16;595.52
20230331;17;627
20230331;18;639.41
20230331;19;707.14
20230331;20;745.9
20230331;21;741.92
20230331;22;614.32
20230331;23;621.5
20230331;24;585.51
20230401;1;586.83
20230401;2;575.27
20230401;3;583.55
20230401;4;587.37
20230401;5;583.71
20230401;6;558.86
20230401;7;571.21
20230401;8;583.25
20230401;9;587.21
20230401;10;583.93
20230401;11;549.14
20230401;12;532.21
20230401;13;528.78
20230401;14;542.01
20230401;15;551.19
20230401;16;570.41
20230401;17;580.87
20230401;18;557.46
20230401;19;578.1
20230401;20;586.85
20230401;21;587.46
20230401;22;577.81
20230401;23;571.33
20230401;24;503.03
20230402;1;453.45
20230402;2;412.01
20230402;3;406
20230402;4;380.42
20230402;5;375.93
20230402;6;374.8
20230402;7;360.83
20230402;8;348.05
20230402;9;349.62
20230402;10;413.68
20230402;11;402.91
20230402;12;341.22
20230402;13;334.85
20230402;14;304.17
20230402;15;241.64
20230402;16;200.92
20230402;17;201.86
20230402;18;279.95
20230402;19;433.02
20230402;20;477.58
20230402;21;490.58
20230402;22;477.68
20230402;23;502.02
20230402;24;473.54
20230403;1;469.15
20230403;2;465.62
20230403;3;472.56
20230403;4;477.22
20230403;5;500
20230403;6;569.01
20230403;7;616.96
20230403;8;628.47
20230403;9;652.56
20230403;10;578.42
20230403;11;570.93
20230403;12;547.65
20230403;13;522.65
20230403;14;550.43
20230403;15;571.58
20230403;16;586.78
20230403;17;584.62
20230403;18;582.95
20230403;19;615.99
20230403;20;719.72
20230403;21;711.66
20230403;22;647.36
20230403;23;636.76
20230403;24;583.75
20230404;1;599.77
20230404;2;606.87
20230404;3;605.54
20230404;4;608.13
20230404;5;591.99
20230404;6;602.42
20230404;7;732.37
20230404;8;805.41
20230404;9;784.64
20230404;10;670.69
20230404;11;598.38
20230404;12;575.06
20230404;13;569.87
20230404;14;566.92
20230404;15;565.18
20230404;16;567.3
20230404;17;574.89
20230404;18;620.08
20230404;19;755.51
20230404;20;858.25
20230404;21;857.51
20230404;22;774.83
20230404;23;729.86
20230404;24;655.53
20230405;1;630.03
20230405;2;628.15
20230405;3;627.27
20230405;4;630.43
20230405;5;625.84
20230405;6;659.69
20230405;7;791.64
20230405;8;895.55
20230405;9;826.24
20230405;10;686.68
20230405;11;592.85
20230405;12;575.68
20230405;13;565.42
20230405;14;565.11
20230405;15;568.68
20230405;16;582.27
20230405;17;603.33
20230405;18;666.18
20230405;19;769.79
20230405;20;920.39
20230405;21;903.37
20230405;22;792.68
20230405;23;731.74
20230405;24;650.24
20230406;1;644.21
20230406;2;622.72
20230406;3;620.69
20230406;4;621.04
20230406;5;622.43
20230406;6;638.32
20230406;7;714.16
20230406;8;769.87
20230406;9;751.68
20230406;10;613.9
20230406;11;582.41
20230406;12;569.9
20230406;13;571.54
20230406;14;581.63
20230406;15;585.65
20230406;16;597.77
20230406;17;600.21
20230406;18;624.19
20230406;19;684.41
20230406;20;762.42
20230406;21;735.69
20230406;22;654.18
20230406;23;641.74
20230406;24;614.53
20230407;1;618.31
20230407;2;617.73
20230407;3;605.21
20230407;4;602.95
20230407;5;617.59
20230407;6;620.51
20230407;7;654.88
20230407;8;651.94
20230407;9;668.52
20230407;10;651.36
20230407;11;630.2
20230407;12;625.54
20230407;13;620.27
20230407;14;621.04
20230407;15;620.78
20230407;16;619.35
20230407;17;621.9
20230407;18;633.8
20230407;19;660.23
20230407;20;694.42
20230407;21;710.89
20230407;22;649.26
20230407;23;640.83
20230407;24;618.81
20230408;1;617.87
20230408;2;606.11
20230408;3;602.27
20230408;4;600.12
20230408;5;602.12
20230408;6;597.05
20230408;7;591.29
20230408;8;617.54
20230408;9;620.96
20230408;10;616.47
20230408;11;609.23
20230408;12;589.33
20230408;13;565.12
20230408;14;541.14
20230408;15;524.65
20230408;16;531.22
20230408;17;560.01
20230408;18;610.46
20230408;19;613.68
20230408;20;661.75
20230408;21;665.69
20230408;22;647.68
20230408;23;626.18
20230408;24;610.22
20230409;1;599.93
20230409;2;573.21
20230409;3;567.99
20230409;4;558.4
20230409;5;549.81
20230409;6;543.92
20230409;7;560.58
20230409;8;559.16
20230409;9;551.36
20230409;10;506.47
20230409;11;451.15
20230409;12;442.79
20230409;13;436.26
20230409;14;420.15
20230409;15;417.3
20230409;16;432.74
20230409;17;451.1
20230409;18;510.29
20230409;19;600.78
20230409;20;620.86
20230409;21;639.65
20230409;22;615.97
20230409;23;593.28
20230409;24;546.35
20230410;1;524.67
20230410;2;509.85
20230410;3;508.97
20230410;4;510.12
20230410;5;516.65
20230410;6;510.13
20230410;7;512.86
20230410;8;506.09
20230410;9;491.96
20230410;10;436.9
20230410;11;397.23
20230410;12;371.55
20230410;13;359
20230410;14;369.14
20230410;15;401.89
20230410;16;413.41
20230410;17;462.21
20230410;18;529.06
20230410;19;560.13
20230410;20;582.27
20230410;21;590.14
20230410;22;545.11
20230410;23;521.63
20230410;24;506.87
20230411;1;508.26
20230411;2;499.29
20230411;3;481.08
20230411;4;468.74
20230411;5;482
20230411;6;500.19
20230411;7;586.76
20230411;8;618.23
20230411;9;618.82
20230411;10;588.74
20230411;11;568.28
20230411;12;566.82
20230411;13;578.5
20230411;14;616.32
20230411;15;616.83
20230411;16;617.8
20230411;17;619.28
20230411;18;622.74
20230411;19;645.25
20230411;20;744.48
20230411;21;751.01
20230411;22;659.11
20230411;23;643.44
20230411;24;580.99
20230412;1;615.62
20230412;2;618.82
20230412;3;619.35
20230412;4;616.64
20230412;5;613.08
20230412;6;610.3
20230412;7;731.16
20230412;8;810.62
20230412;9;746.38
20230412;10;678.05
20230412;11;643.53
20230412;12;627.78
20230412;13;623.91
20230412;14;621.99
20230412;15;620.63
20230412;16;630.31
20230412;17;631.62
20230412;18;660.67
20230412;19;692.94
20230412;20;809.7
20230412;21;803.94
20230412;22;645.26
20230412;23;622.62
20230412;24;615.34
20230413;1;615.29
20230413;2;605.79
20230413;3;601.52
20230413;4;604.5
20230413;5;616.04
20230413;6;622.44
20230413;7;751.42
20230413;8;798.12
20230413;9;764.61
20230413;10;699.79
20230413;11;655.1
20230413;12;658.55
20230413;13;655.95
20230413;14;635.66
20230413;15;627.76
20230413;16;632.31
20230413;17;675.94
20230413;18;760.42
20230413;19;791.79
20230413;20;837.89
20230413;21;847.88
20230413;22;778.75
20230413;23;702.78
20230413;24;627.49
20230414;1;609.46
20230414;2;609.25
20230414;3;616.41
20230414;4;616.04
20230414;5;610.99
20230414;6;610.05
20230414;7;703.92
20230414;8;784.53
20230414;9;776.13
20230414;10;673.72
20230414;11;629.15
20230414;12;609.21
20230414;13;607.46
20230414;14;607.99
20230414;15;608.17
20230414;16;608.52
20230414;17;608.52
20230414;18;622.8
20230414;19;654.6
20230414;20;714.73
20230414;21;708.46
20230414;22;634.7
20230414;23;613.61
20230414;24;571.23
20230415;1;541.82
20230415;2;506.92
20230415;3;506.02
20230415;4;485.58
20230415;5;482.81
20230415;6;478.16
20230415;7;494.75
20230415;8;519.96
20230415;9;550.06
20230415;10;549.27
20230415;11;549.86
20230415;12;551.36
20230415;13;541.94
20230415;14;576.27
20230415;15;586.13
20230415;16;602.32
20230415;17;616.53
20230415;18;614.53
20230415;19;618.13
20230415;20;622.9
20230415;21;628.71
20230415;22;611.3
20230415;23;608.79
20230415;24;586.28
20230416;1;530.51
20230416;2;547.28
20230416;3;533.62
20230416;4;533.65
20230416;5;544.12
20230416;6;547.15
20230416;7;536.03
20230416;8;540.54
20230416;9;549.76
20230416;10;544.68
20230416;11;532.13
20230416;12;515.62
20230416;13;494.86
20230416;14;491.72
20230416;15;486.34
20230416;16;496.1
20230416;17;534.54
20230416;18;602.62
20230416;19;616.45
20230416;20;636.34
20230416;21;650.44
20230416;22;630.74
20230416;23;612.65
20230416;24;593.27
20230417;1;608.19
20230417;2;600.55
20230417;3;593.64
20230417;4;593.95
20230417;5;600.57
20230417;6;613.47
20230417;7;686.49
20230417;8;797.13
20230417;9;803.8
20230417;10;741.82
20230417;11;640.59
20230417;12;619.11
20230417;13;615.51
20230417;14;615.55
20230417;15;615.84
20230417;16;618.06
20230417;17;617.01
20230417;18;620.69
20230417;19;638.66
20230417;20;692.1
20230417;21;690.52
20230417;22;643.68
20230417;23;614.94
20230417;24;606.73
20230418;1;583.86
20230418;2;563.1
20230418;3;549.7
20230418;4;549.53
20230418;5;571.11
20230418;6;590.39
20230418;7;639.34
20230418;8;694.1
20230418;9;711.47
20230418;10;643.56
20230418;11;622.85
20230418;12;592.24
20230418;13;580.47
20230418;14;566.35
20230418;15;564.57
20230418;16;589.76
20230418;17;608.45
20230418;18;615.47
20230418;19;622.42
20230418;20;627.18
20230418;21;630.03
20230418;22;610.21
20230418;23;593.24
20230418;24;571.32
20230419;1;549.94
20230419;2;519.09
20230419;3;501.47
20230419;4;501.45
20230419;5;516.66
20230419;6;534.96
20230419;7;610.08
20230419;8;624.94
20230419;9;625.45
20230419;10;610.72
20230419;11;605.51
20230419;12;605.51
20230419;13;608.66
20230419;14;610.96
20230419;15;610.95
20230419;16;610.77
20230419;17;610.76
20230419;18;613.78
20230419;19;613.77
20230419;20;626.38
20230419;21;636.4
20230419;22;613.47
20230419;23;608.07
20230419;24;605.77
20230420;1;556.89
20230420;2;546.65
20230420;3;541.61
20230420;4;547.29
20230420;5;571.1
20230420;6;591.22
20230420;7;627.77
20230420;8;649.68
20230420;9;645.69
20230420;10;626.78
20230420;11;599.49
20230420;12;546.28
20230420;13;531.57
20230420;14;513.62
20230420;15;521.02
20230420;16;546.24
20230420;17;566.93
20230420;18;605.14
20230420;19;623.57
20230420;20;647.79
20230420;21;671.88
20230420;22;622.52
20230420;23;600.59
20230420;24;575.03
20230421;1;546.07
20230421;2;535.74
20230421;3;535.82
20230421;4;535.75
20230421;5;550.23
20230421;6;591.12
20230421;7;621.28
20230421;8;621.17
20230421;9;618.96
20230421;10;590.75
20230421;11;510.13
20230421;12;481.01
20230421;13;473.83
20230421;14;481.26
20230421;15;495.43
20230421;16;534.12
20230421;17;579
20230421;18;616.67
20230421;19;636.93
20230421;20;677.48
20230421;21;736.46
20230421;22;630.39
20230421;23;616.65
20230421;24;602.79
20230422;1;584.01
20230422;2;588.45
20230422;3;586.72
20230422;4;585.91
20230422;5;585.02
20230422;6;577.63
20230422;7;568.46
20230422;8;544.56
20230422;9;511.19
20230422;10;472.95
20230422;11;446.27
20230422;12;442.14
20230422;13;439.42
20230422;14;452.72
20230422;15;466.44
20230422;16;484.15
20230422;17;509.94
20230422;18;582.87
20230422;19;575.75
20230422;20;639.36
20230422;21;646.89
20230422;22;603.32
20230422;23;601.6
20230422;24;553.19
20230423;1;494.12
20230423;2;461.42
20230423;3;427.89
20230423;4;410.24
20230423;5;402.13
20230423;6;397.17
20230423;7;397.28
20230423;8;398.93
20230423;9;395.1
20230423;10;320.68
20230423;11;259.96
20230423;12;171.72
20230423;13;130.73
20230423;14;104.85
20230423;15;143.3
20230423;16;209.04
20230423;17;389.49
20230423;18;523.78
20230423;19;591.81
20230423;20;604.1
20230423;21;617.93
20230423;22;591.75
20230423;23;576.34
20230423;24;575.61
20230424;1;578.69
20230424;2;549.23
20230424;3;548.78
20230424;4;548.77
20230424;5;559.19
20230424;6;572.54
20230424;7;590.9
20230424;8;626.95
20230424;9;630.25
20230424;10;599.37
20230424;11;590.76
20230424;12;592.32
20230424;13;590.65
20230424;14;590.55
20230424;15;582.88
20230424;16;589.23
20230424;17;580.79
20230424;18;580.41
20230424;19;606.99
20230424;20;669.87
20230424;21;668.02
20230424;22;634.23
20230424;23;598.67
20230424;24;583.28
20230425;1;565.93
20230425;2;539.32
20230425;3;528.71
20230425;4;535.21
20230425;5;550.45
20230425;6;557.94
20230425;7;584.73
20230425;8;615.8
20230425;9;609.39
20230425;10;596.81
20230425;11;598.57
20230425;12;597.97
20230425;13;592.85
20230425;14;585.39
20230425;15;584.1
20230425;16;580.95
20230425;17;557.42
20230425;18;551.38
20230425;19;584.1
20230425;20;619.73
20230425;21;661.35
20230425;22;611.2
20230425;23;583.08
20230425;24;558.82
20230426;1;515.77
20230426;2;488.65
20230426;3;468.27
20230426;4;463.6
20230426;5;469.55
20230426;6;505.02
20230426;7;585.61
20230426;8;600.67
20230426;9;579.97
20230426;10;491.26
20230426;11;453.71
20230426;12;466.53
20230426;13;454.26
20230426;14;458.85
20230426;15;457.84
20230426;16;459.99
20230426;17;484.82
20230426;18;552.21
20230426;19;582.21
20230426;20;644.07
20230426;21;696.66
20230426;22;639.55
20230426;23;591.84
20230426;24;574.28
20230427;1;550.94
20230427;2;520.74
20230427;3;510.18
20230427;4;511.05
20230427;5;540.41
20230427;6;545.37
20230427;7;588.25
20230427;8;615.07
20230427;9;587.84
20230427;10;534.03
20230427;11;515.6
20230427;12;515.6
20230427;13;504.12
20230427;14;499.85
20230427;15;479.16
20230427;16;475.47
20230427;17;490.92
20230427;18;540.7
20230427;19;595.27
20230427;20;687.37
20230427;21;720.32
20230427;22;642.53
20230427;23;592.28
20230427;24;527.11
20230428;1;558.78
20230428;2;554.07
20230428;3;555.37
20230428;4;550.08
20230428;5;560.08
20230428;6;567.75
20230428;7;587.95
20230428;8;603.08
20230428;9;590.19
20230428;10;564.12
20230428;11;504.03
20230428;12;502.09
20230428;13;520.43
20230428;14;512.15
20230428;15;506.45
20230428;16;548.73
20230428;17;567.28
20230428;18;567.49
20230428;19;555.81
20230428;20;615.94
20230428;21;644.43
20230428;22;587.59
20230428;23;561.27
20230428;24;535.65
20230429;1;555.01
20230429;2;544.76
20230429;3;540.89
20230429;4;547.12
20230429;5;550.25
20230429;6;550.43
20230429;7;555.15
20230429;8;563.38
20230429;9;562.21
20230429;10;569.24
20230429;11;574.75
20230429;12;571.74
20230429;13;570.69
20230429;14;571.39
20230429;15;569.69
20230429;16;566.42
20230429;17;566.46
20230429;18;569.83
20230429;19;542.53
20230429;20;579.75
20230429;21;625.78
20230429;22;594.79
20230429;23;560.37
20230429;24;554.01
20230430;1;457.44
20230430;2;433.86
20230430;3;417.12
20230430;4;412.78
20230430;5;413.41
20230430;6;415.47
20230430;7;415.4
20230430;8;393.96
20230430;9;355.62
20230430;10;243.43
20230430;11;142.21
20230430;12;131.67
20230430;13;85.14
20230430;14;80.63
20230430;15;77.83
20230430;16;92.81
20230430;17;160.1
20230430;18;431.95
20230430;19;556.71
20230430;20;565.4
20230430;21;574.68
20230430;22;567.05
20230430;23;545.33
20230430;24;510.65
20230501;1;474.64
20230501;2;439.59
20230501;3;420.44
20230501;4;411.61
20230501;5;411.45
20230501;6;413.39
20230501;7;407.36
20230501;8;374.21
20230501;9;314.97
20230501;10;229.95
20230501;11;177.21
20230501;12;122.27
20230501;13;117.01
20230501;14;103.11
20230501;15;98.14
20230501;16;137.26
20230501;17;261.06
20230501;18;405.84
20230501;19;507.85
20230501;20;554.86
20230501;21;560.36
20230501;22;538.94
20230501;23;500.44
20230501;24;463.91
20230502;1;425.46
20230502;2;378.09
20230502;3;360.5
20230502;4;346.8
20230502;5;354.73
20230502;6;396.98
20230502;7;489.44
20230502;8;541.24
20230502;9;564.07
20230502;10;513.82
20230502;11;479.34
20230502;12;458.9
20230502;13;446.2
20230502;14;451.88
20230502;15;457.96
20230502;16;428.08
20230502;17;425.69
20230502;18;461.4
20230502;19;545.86
20230502;20;581.13
20230502;21;626.48
20230502;22;591.79
20230502;23;569.88
20230502;24;527.13
20230503;1;527.91
20230503;2;488.66
20230503;3;481.21
20230503;4;490.68
20230503;5;491.06
20230503;6;488.04
20230503;7;551.53
20230503;8;583.04
20230503;9;557.19
20230503;10;482.91
20230503;11;422.44
20230503;12;391.86
20230503;13;374.38
20230503;14;365.19
20230503;15;371.72
20230503;16;381.9
20230503;17;448.61
20230503;18;468.48
20230503;19;558.51
20230503;20;609.29
20230503;21;683.11
20230503;22;598.01
20230503;23;561.99
20230503;24;535.04
20230504;1;542.24
20230504;2;532.35
20230504;3;532.28
20230504;4;533.01
20230504;5;546.06
20230504;6;553.21
20230504;7;592.91
20230504;8;592.79
20230504;9;556.92
20230504;10;486.55
20230504;11;423.28
20230504;12;376.96
20230504;13;375.41
20230504;14;380.01
20230504;15;394.44
20230504;16;420.11
20230504;17;462.43
20230504;18;537.92
20230504;19;594.98
20230504;20;635.7
20230504;21;684.2
20230504;22;597.94
20230504;23;558.94
20230504;24;506.49
20230505;1;513.44
20230505;2;515.5
20230505;3;517.76
20230505;4;512.84
20230505;5;519.2
20230505;6;511.31
20230505;7;544.46
20230505;8;538.32
20230505;9;520.27
20230505;10;449.17
20230505;11;402.62
20230505;12;375.44
20230505;13;360.73
20230505;14;356.19
20230505;15;352.4
20230505;16;357.86
20230505;17;408.64
20230505;18;462.03
20230505;19;540.22
20230505;20;558.15
20230505;21;562.6
20230505;22;552.54
20230505;23;530.01
20230505;24;473.15
20230506;1;457.66
20230506;2;427.97
20230506;3;413.9
20230506;4;406.26
20230506;5;403.57
20230506;6;407.39
20230506;7;429.2
20230506;8;445.03
20230506;9;431.97
20230506;10;415.32
20230506;11;403.45
20230506;12;422.6
20230506;13;421.87
20230506;14;425.88
20230506;15;426.18
20230506;16;442.23
20230506;17;462.12
20230506;18;499.89
20230506;19;504.55
20230506;20;528.87
20230506;21;537.99
20230506;22;517.95
20230506;23;479.84
20230506;24;443
20230507;1;430.17
20230507;2;410.44
20230507;3;387.22
20230507;4;388.37
20230507;5;387.68
20230507;6;377.97
20230507;7;379.47
20230507;8;379.73
20230507;9;377.97
20230507;10;335.42
20230507;11;293.25
20230507;12;248.22
20230507;13;234.29
20230507;14;234.27
20230507;15;234.21
20230507;16;250.04
20230507;17;304.82
20230507;18;429.63
20230507;19;439.25
20230507;20;484.88
20230507;21;503.26
20230507;22;485.12
20230507;23;461.37
20230507;24;440.37
20230508;1;476.02
20230508;2;465.98
20230508;3;465.86
20230508;4;476.14
20230508;5;494.91
20230508;6;516.19
20230508;7;548.61
20230508;8;557.63
20230508;9;536.45
20230508;10;475.24
20230508;11;398.88
20230508;12;364.88
20230508;13;363.25
20230508;14;359.03
20230508;15;371.11
20230508;16;429.14
20230508;17;474.83
20230508;18;545.42
20230508;19;564.07
20230508;20;593.37
20230508;21;610.75
20230508;22;562.35
20230508;23;523.05
20230508;24;459
20230509;1;501.39
20230509;2;470.1
20230509;3;470.05
20230509;4;470.2
20230509;5;481.61
20230509;6;491.54
20230509;7;527.44
20230509;8;537.53
20230509;9;514.7
20230509;10;447.61
20230509;11;370.42
20230509;12;323.35
20230509;13;297.55
20230509;14;274.39
20230509;15;283.72
20230509;16;345.92
20230509;17;378.51
20230509;18;455.57
20230509;19;529.68
20230509;20;553.27
20230509;21;561.46
20230509;22;527.23
20230509;23;493.25
20230509;24;432.73
20230510;1;420.2
20230510;2;395.86
20230510;3;383.53
20230510;4;378.1
20230510;5;385.58
20230510;6;413.8
20230510;7;449.9
20230510;8;447.13
20230510;9;428.19
20230510;10;426.01
20230510;11;370.12
20230510;12;289.41
20230510;13;287.06
20230510;14;297.99
20230510;15;301.73
20230510;16;336.85
20230510;17;401.39
20230510;18;473.41
20230510;19;538.6
20230510;20;551.82
20230510;21;549.89
20230510;22;544.35
20230510;23;531.72
20230510;24;467.73
20230511;1;442.17
20230511;2;433.37
20230511;3;429.74
20230511;4;430.99
20230511;5;433.92
20230511;6;455.18
20230511;7;495.87
20230511;8;496.47
20230511;9;466.03
20230511;10;472.73
20230511;11;358.41
20230511;12;352.28
20230511;13;353.84
20230511;14;385.63
20230511;15;396.65
20230511;16;399.81
20230511;17;450.77
20230511;18;534.08
20230511;19;558.1
20230511;20;564.43
20230511;21;585.66
20230511;22;558.93
20230511;23;519.67
20230511;24;453.99
20230512;1;443.56
20230512;2;430.21
20230512;3;427.42
20230512;4;427.76
20230512;5;429.79
20230512;6;435.08
20230512;7;493.11
20230512;8;521.2
20230512;9;480.56
20230512;10;472.34
20230512;11;381.05
20230512;12;329.33
20230512;13;296.38
20230512;14;294.32
20230512;15;291.26
20230512;16;309.75
20230512;17;375.73
20230512;18;433.77
20230512;19;506.86
20230512;20;565.1
20230512;21;572.25
20230512;22;552.99
20230512;23;500.81
20230512;24;450.61
20230513;1;487.38
20230513;2;469
20230513;3;458.99
20230513;4;458.67
20230513;5;459.42
20230513;6;440.34
20230513;7;460.55
20230513;8;456.96
20230513;9;441.19
20230513;10;414.66
20230513;11;330.25
20230513;12;259.07
20230513;13;248.18
20230513;14;248.24
20230513;15;261.26
20230513;16;343.47
20230513;17;422.89
20230513;18;514.99
20230513;19;543.45
20230513;20;546.76
20230513;21;559.38
20230513;22;546.82
20230513;23;524.59
20230513;24;493.63
20230514;1;471.58
20230514;2;462.28
20230514;3;464.5
20230514;4;466.53
20230514;5;446.82
20230514;6;435.63
20230514;7;431.69
20230514;8;398.36
20230514;9;351.21
20230514;10;246.56
20230514;11;114.01
20230514;12;67.31
20230514;13;64.87
20230514;14;64.49
20230514;15;64.58
20230514;16;126.65
20230514;17;262.82
20230514;18;415.27
20230514;19;494.25
20230514;20;540.36
20230514;21;570.69
20230514;22;552.47
20230514;23;535.94
20230514;24;496.32
20230515;1;492
20230515;2;477.48
20230515;3;477.95
20230515;4;472.61
20230515;5;484.02
20230515;6;507.98
20230515;7;597.94
20230515;8;695.17
20230515;9;668.54
20230515;10;579.78
20230515;11;576.68
20230515;12;565.73
20230515;13;554
20230515;14;552.87
20230515;15;553.87
20230515;16;574.12
20230515;17;577.28
20230515;18;577.43
20230515;19;588.54
20230515;20;656.5
20230515;21;737.46
20230515;22;641.76
20230515;23;571.43
20230515;24;516.01
20230516;1;544.82
20230516;2;527.48
20230516;3;520.43
20230516;4;516.91
20230516;5;520.3
20230516;6;525.23
20230516;7;551.51
20230516;8;554.33
20230516;9;551.37
20230516;10;521.58
20230516;11;421.16
20230516;12;442.45
20230516;13;436.01
20230516;14;472.64
20230516;15;529.98
20230516;16;558.67
20230516;17;545.63
20230516;18;570.23
20230516;19;642.8
20230516;20;737.52
20230516;21;750.5
20230516;22;716.4
20230516;23;567.26
20230516;24;517.03
20230517;1;517.11
20230517;2;501.34
20230517;3;500.24
20230517;4;500.82
20230517;5;500.7
20230517;6;509.55
20230517;7;541.86
20230517;8;564.97
20230517;9;553.62
20230517;10;555.39
20230517;11;546.5
20230517;12;554.71
20230517;13;553.68
20230517;14;553.61
20230517;15;550.71
20230517;16;553.58
20230517;17;550
20230517;18;542.8
20230517;19;540.92
20230517;20;626.9
20230517;21;713.12
20230517;22;671.63
20230517;23;543.52
20230517;24;541.59
20230518;1;528.59
20230518;2;524
20230518;3;523.04
20230518;4;524.55
20230518;5;529.07
20230518;6;537.8
20230518;7;573.46
20230518;8;613.17
20230518;9;580.55
20230518;10;572.16
20230518;11;567.53
20230518;12;556.85
20230518;13;569.22
20230518;14;569.22
20230518;15;560.35
20230518;16;558.78
20230518;17;569.74
20230518;18;576.04
20230518;19;587.55
20230518;20;637.6
20230518;21;692.38
20230518;22;595.8
20230518;23;569.24
20230518;24;521.57
20230519;1;547.93
20230519;2;553.46
20230519;3;553.82
20230519;4;555.68
20230519;5;556.71
20230519;6;556.37
20230519;7;628.58
20230519;8;696.19
20230519;9;682.62
20230519;10;624.15
20230519;11;574.75
20230519;12;620.86
20230519;13;612.4
20230519;14;600.31
20230519;15;587.54
20230519;16;574.49
20230519;17;570.99
20230519;18;542.49
20230519;19;581.59
20230519;20;670.06
20230519;21;739.63
20230519;22;644.41
20230519;23;557.87
20230519;24;550
20230520;1;531.76
20230520;2;502.36
20230520;3;500.87
20230520;4;499.96
20230520;5;493.24
20230520;6;483.51
20230520;7;505.38
20230520;8;529.5
20230520;9;542.07
20230520;10;534.37
20230520;11;479.01
20230520;12;456.54
20230520;13;427.47
20230520;14;419.48
20230520;15;419.35
20230520;16;420.16
20230520;17;467.86
20230520;18;509.34
20230520;19;540.04
20230520;20;558.78
20230520;21;563.49
20230520;22;557.81
20230520;23;533.42
20230520;24;498.64
20230521;1;449.83
20230521;2;421.06
20230521;3;419.7
20230521;4;419.58
20230521;5;417.63
20230521;6;404.94
20230521;7;390.33
20230521;8;372.4
20230521;9;311.23
20230521;10;165.75
20230521;11;86.8
20230521;12;59.1
20230521;13;46.83
20230521;14;56.23
20230521;15;60.42
20230521;16;99.96
20230521;17;163.34
20230521;18;387.7
20230521;19;483.85
20230521;20;494.64
20230521;21;500.54
20230521;22;479.8
20230521;23;450.69
20230521;24;436.59
20230522;1;453.22
20230522;2;453.1
20230522;3;461.69
20230522;4;488.3
20230522;5;487.54
20230522;6;495.34
20230522;7;566.05
20230522;8;577.49
20230522;9;571.47
20230522;10;529.01
20230522;11;442.23
20230522;12;445.65
20230522;13;424.94
20230522;14;425.32
20230522;15;489.97
20230522;16;503.07
20230522;17;549.89
20230522;18;567.95
20230522;19;572.65
20230522;20;671.71
20230522;21;702.85
20230522;22;650.23
20230522;23;569.45
20230522;24;535.89
20230523;1;511.43
20230523;2;509.25
20230523;3;515.3
20230523;4;514.97
20230523;5;496.4
20230523;6;496.13
20230523;7;557.33
20230523;8;559.49
20230523;9;555.54
20230523;10;539.57
20230523;11;498.95
20230523;12;499.05
20230523;13;499.89
20230523;14;502.35
20230523;15;531.46
20230523;16;558.02
20230523;17;562.44
20230523;18;587.51
20230523;19;673.1
20230523;20;726.07
20230523;21;745.57
20230523;22;683.02
20230523;23;569.08
20230523;24;539.92
20230524;1;526.83
20230524;2;520.22
20230524;3;521.77
20230524;4;521.5
20230524;5;515.73
20230524;6;520.08
20230524;7;570.11
20230524;8;655.85
20230524;9;665.69
20230524;10;635.59
20230524;11;585.08
20230524;12;584.77
20230524;13;582.37
20230524;14;576.49
20230524;15;561.3
20230524;16;570.68
20230524;17;581.28
20230524;18;666.44
20230524;19;741.43
20230524;20;770.02
20230524;21;803.73
20230524;22;770.19
20230524;23;695.26
20230524;24;542.32
20230525;1;510.82
20230525;2;506.75
20230525;3;502.17
20230525;4;502.57
20230525;5;500.01
20230525;6;499.91
20230525;7;591.75
20230525;8;679.04
20230525;9;698.34
20230525;10;565.97
20230525;11;542.35
20230525;12;541.36
20230525;13;539.18
20230525;14;539.07
20230525;15;538.97
20230525;16;543
20230525;17;577.04
20230525;18;608.73
20230525;19;729.84
20230525;20;749.58
20230525;21;765.34
20230525;22;735.27
20230525;23;577.64
20230525;24;522.96
20230526;1;481.72
20230526;2;482.42
20230526;3;488.08
20230526;4;487.94
20230526;5;487.71
20230526;6;482.24
20230526;7;540.42
20230526;8;567.37
20230526;9;550.29
20230526;10;511.2
20230526;11;380.93
20230526;12;353.64
20230526;13;350.08
20230526;14;349.07
20230526;15;345.86
20230526;16;374.44
20230526;17;443.25
20230526;18;531.68
20230526;19;638.97
20230526;20;720.1
20230526;21;733.51
20230526;22;712.97
20230526;23;523.67
20230526;24;481.97
20230527;1;458.46
20230527;2;461.25
20230527;3;471.7
20230527;4;470.4
20230527;5;467.79
20230527;6;457.05
20230527;7;501.24
20230527;8;502.78
20230527;9;482.98
20230527;10;355.94
20230527;11;312.01
20230527;12;277.56
20230527;13;246.78
20230527;14;246.58
20230527;15;250.46
20230527;16;300.43
20230527;17;426.82
20230527;18;501.68
20230527;19;562.44
20230527;20;617.88
20230527;21;647.47
20230527;22;599.3
20230527;23;506.47
20230527;24;467.26
20230528;1;424.46
20230528;2;406.44
20230528;3;391.62
20230528;4;386.85
20230528;5;383.07
20230528;6;355.31
20230528;7;347.3
20230528;8;317.94
20230528;9;199.93
20230528;10;67.01
20230528;11;50.08
20230528;12;44.26
20230528;13;29.96
20230528;14;44.69
20230528;15;46.13
20230528;16;78.11
20230528;17;158.68
20230528;18;397.46
20230528;19;475.1
20230528;20;490.96
20230528;21;503.24
20230528;22;492.34
20230528;23;437.73
20230528;24;386.73
20230529;1;468.85
20230529;2;470.47
20230529;3;473.08
20230529;4;472.91
20230529;5;472.73
20230529;6;463.23
20230529;7;550.95
20230529;8;570.63
20230529;9;544.38
20230529;10;487.19
20230529;11;415.1
20230529;12;402.5
20230529;13;405.78
20230529;14;434.58
20230529;15;452.63
20230529;16;475.52
20230529;17;513.53
20230529;18;573.89
20230529;19;677.22
20230529;20;698.68
20230529;21;705.78
20230529;22;687.6
20230529;23;518.02
20230529;24;428.6
20230530;1;480.63
20230530;2;404.99
20230530;3;411.16
20230530;4;431.61
20230530;5;413.66
20230530;6;431.11
20230530;7;536.29
20230530;8;590.08
20230530;9;558.03
20230530;10;489.6
20230530;11;435.33
20230530;12;419.69
20230530;13;405.39
20230530;14;418.89
20230530;15;427.78
20230530;16;478.25
20230530;17;485.7
20230530;18;508.24
20230530;19;606.73
20230530;20;671.6
20230530;21;700.01
20230530;22;667.32
20230530;23;571.81
20230530;24;497.79
20230531;1;473.69
20230531;2;448.19
20230531;3;426.57
20230531;4;439.92
20230531;5;427.49
20230531;6;444.23
20230531;7;566.96
20230531;8;616.15
20230531;9;583.39
20230531;10;494.83
20230531;11;401.77
20230531;12;372.74
20230531;13;353.43
20230531;14;351.5
20230531;15;370.47
20230531;16;426.57
20230531;17;477.86
20230531;18;540.86
20230531;19;616.86
20230531;20;682.06
20230531;21;685.75
20230531;22;682.23
20230531;23;655.77
20230531;24;528.65
20230601;1;428.86
20230601;2;402.91
20230601;3;402.07
20230601;4;407.69
20230601;5;396.76
20230601;6;392.28
20230601;7;475.69
20230601;8;517.22
20230601;9;487.15
20230601;10;384.01
20230601;11;288
20230601;12;253.65
20230601;13;253
20230601;14;253.6
20230601;15;260.2
20230601;16;342.68
20230601;17;460.22
20230601;18;478.77
20230601;19;586.42
20230601;20;610.29
20230601;21;629.62
20230601;22;610.01
20230601;23;596.62
20230601;24;501.63
20230602;1;390.99
20230602;2;375.89
20230602;3;376.69
20230602;4;377.61
20230602;5;374.17
20230602;6;397.94
20230602;7;498.13
20230602;8;528.27
20230602;9;466
20230602;10;384.56
20230602;11;307.11
20230602;12;262.18
20230602;13;237.38
20230602;14;208.65
20230602;15;209.39
20230602;16;250.18
20230602;17;345.71
20230602;18;374.85
20230602;19;494.45
20230602;20;536.03
20230602;21;560.38
20230602;22;546.04
20230602;23;482.58
20230602;24;420.48
20230603;1;401.05
20230603;2;374.14
20230603;3;373.36
20230603;4;375.88
20230603;5;377.82
20230603;6;381.22
20230603;7;414.17
20230603;8;428.41
20230603;9;380.01
20230603;10;286.05
20230603;11;258.67
20230603;12;199.3
20230603;13;199.99
20230603;14;200.03
20230603;15;199.22
20230603;16;253.89
20230603;17;339.92
20230603;18;452.48
20230603;19;491.2
20230603;20;518.18
20230603;21;522.82
20230603;22;507.4
20230603;23;466.89
20230603;24;403.35
20230604;1;380.14
20230604;2;358.11
20230604;3;355.79
20230604;4;355.92
20230604;5;347.43
20230604;6;342.14
20230604;7;355.43
20230604;8;340.01
20230604;9;226.62
20230604;10;119.04
20230604;11;51.97
20230604;12;25.63
20230604;13;21.wrz
20230604;14;25.cze
20230604;15;26.56
20230604;16;50.07
20230604;17;167.49
20230604;18;386.46
20230604;19;440.24
20230604;20;461.73
20230604;21;501.34
20230604;22;492.81
20230604;23;465.86
20230604;24;459.2
20230605;1;441.98
20230605;2;438.04
20230605;3;432.23
20230605;4;438.09
20230605;5;438.86
20230605;6;448.13
20230605;7;531.46
20230605;8;566.59
20230605;9;517.31
20230605;10;456.53
20230605;11;399.91
20230605;12;370.04
20230605;13;372.79
20230605;14;389.19
20230605;15;401.07
20230605;16;452.31
20230605;17;465.32
20230605;18;526.09
20230605;19;644.44
20230605;20;685.3
20230605;21;689.32
20230605;22;686.9
20230605;23;644.71
20230605;24;547.08
20230606;1;462.07
20230606;2;434.92
20230606;3;430.9
20230606;4;423.04
20230606;5;420.04
20230606;6;443.31
20230606;7;604.89
20230606;8;611.81
20230606;9;556.63
20230606;10;486.54
20230606;11;450.87
20230606;12;450.92
20230606;13;452.34
20230606;14;454.15
20230606;15;459.01
20230606;16;482.79
20230606;17;525.12
20230606;18;588.1
20230606;19;594.46
20230606;20;658
20230606;21;684.7
20230606;22;639.94
20230606;23;683.48
20230606;24;558.97
20230607;1;445
20230607;2;409.89
20230607;3;405.84
20230607;4;406.7
20230607;5;409.19
20230607;6;429.69
20230607;7;564.01
20230607;8;631.77
20230607;9;617.91
20230607;10;529.05
20230607;11;461.99
20230607;12;425.89
20230607;13;425.88
20230607;14;444.57
20230607;15;468.16
20230607;16;468.02
20230607;17;477.49
20230607;18;526.87
20230607;19;545.54
20230607;20;622.5
20230607;21;663.83
20230607;22;625.03
20230607;23;558.96
20230607;24;486.31
20230608;1;434.45
20230608;2;411.64
20230608;3;420.41
20230608;4;422.36
20230608;5;429.39
20230608;6;442.59
20230608;7;451.77
20230608;8;448.42
20230608;9;429.42
20230608;10;370.41
20230608;11;312.98
20230608;12;267.08
20230608;13;252.1
20230608;14;248.72
20230608;15;248.7
20230608;16;264.2
20230608;17;352.91
20230608;18;458.85
20230608;19;475.85
20230608;20;483.88
20230608;21;510.47
20230608;22;481.72
20230608;23;455.29
20230608;24;438.82
20230609;1;433.99
20230609;2;453.12
20230609;3;463.14
20230609;4;460.18
20230609;5;450.62
20230609;6;422.08
20230609;7;478.16
20230609;8;483.92
20230609;9;479.4
20230609;10;466.24
20230609;11;402.87
20230609;12;377.76
20230609;13;359.52
20230609;14;365.73
20230609;15;371.53
20230609;16;413.24
20230609;17;434.64
20230609;18;465.17
20230609;19;464.81
20230609;20;469.64
20230609;21;480.1
20230609;22;465.27
20230609;23;438.88
20230609;24;395.95
20230610;1;409.19
20230610;2;398.8
20230610;3;402.85
20230610;4;409.02
20230610;5;405.61
20230610;6;385.8
20230610;7;361.74
20230610;8;370.84
20230610;9;396.61
20230610;10;353.94
20230610;11;231.94
20230610;12;201.4
20230610;13;171.39
20230610;14;162.49
20230610;15;119.6
20230610;16;154.52
20230610;17;206.16
20230610;18;299.07
20230610;19;414.73
20230610;20;407.8
20230610;21;413.6
20230610;22;409.04
20230610;23;405.37
20230610;24;377.04
20230611;1;351.95
20230611;2;340.36
20230611;3;320.01
20230611;4;310.35
20230611;5;260.05
20230611;6;226.43
20230611;7;236.24
20230611;8;203.07
20230611;9;92.84
20230611;10;55.82
20230611;11;19.93
20230611;12;lis.25
20230611;13;08.maj
20230611;14;cze.93
20230611;15;cze.99
20230611;16;14.32
20230611;17;48.86
20230611;18;200.2
20230611;19;368.52
20230611;20;414.05
20230611;21;438.89
20230611;22;426.95
20230611;23;414.86
20230611;24;379.32
20230612;1;412.92
20230612;2;389.87
20230612;3;407
20230612;4;420.73
20230612;5;431.73
20230612;6;437.39
20230612;7;532.62
20230612;8;575.39
20230612;9;547.75
20230612;10;481.69
20230612;11;408.44
20230612;12;388.4
20230612;13;401.38
20230612;14;427.08
20230612;15;466.84
20230612;16;471.92
20230612;17;465.55
20230612;18;522.59
20230612;19;610.14
20230612;20;640.13
20230612;21;650.31
20230612;22;571.84
20230612;23;521.14
20230612;24;461.62
20230613;1;432.53
20230613;2;430.86
20230613;3;432.58
20230613;4;427.62
20230613;5;430.28
20230613;6;441.74
20230613;7;544.44
20230613;8;644.78
20230613;9;708.17
20230613;10;637.17
20230613;11;609.27
20230613;12;604.2
20230613;13;602.39
20230613;14;591.93
20230613;15;561.17
20230613;16;611.13
20230613;17;590.25
20230613;18;639.64
20230613;19;685.35
20230613;20;709.08
20230613;21;716.72
20230613;22;718.48
20230613;23;645.28
20230613;24;518.86
20230614;1;449.08
20230614;2;458.49
20230614;3;464.15
20230614;4;462.43
20230614;5;446.82
20230614;6;445.24
20230614;7;578.19
20230614;8;636.28
20230614;9;615.88
20230614;10;528.8
20230614;11;501.49
20230614;12;524.15
20230614;13;524.2
20230614;14;523.98
20230614;15;510.5
20230614;16;531.37
20230614;17;546.44
20230614;18;565.4
20230614;19;601.66
20230614;20;688.39
20230614;21;711.48
20230614;22;694.12
20230614;23;604.03
20230614;24;516.32
20230615;1;488.37
20230615;2;465
20230615;3;463.59
20230615;4;464.52
20230615;5;462.99
20230615;6;496.62
20230615;7;649.57
20230615;8;713.72
20230615;9;625.92
20230615;10;562.46
20230615;11;508.51
20230615;12;517.13
20230615;13;512.86
20230615;14;517.33
20230615;15;517.06
20230615;16;498.67
20230615;17;521.34
20230615;18;565.93
20230615;19;662.38
20230615;20;717.28
20230615;21;760.92
20230615;22;731.09
20230615;23;669.38
20230615;24;561.5
20230616;1;561.97
20230616;2;536.55
20230616;3;517.74
20230616;4;510.75
20230616;5;513.76
20230616;6;540.88
20230616;7;683.41
20230616;8;726.04
20230616;9;695.28
20230616;10;614.99
20230616;11;573.58
20230616;12;560.65
20230616;13;559.2
20230616;14;567.75
20230616;15;569.71
20230616;16;606.82
20230616;17;592.17
20230616;18;643.36
20230616;19;697.89
20230616;20;744.45
20230616;21;776.41
20230616;22;763.86
20230616;23;735.57
20230616;24;639.92
20230617;1;580.82
20230617;2;568
20230617;3;564.77
20230617;4;550.25
20230617;5;544.14
20230617;6;550.46
20230617;7;533.27
20230617;8;567.87
20230617;9;578.1
20230617;10;556.8
20230617;11;530.67
20230617;12;513.15
20230617;13;507.48
20230617;14;506.43
20230617;15;506.71
20230617;16;524.54
20230617;17;537.02
20230617;18;577.61
20230617;19;614.24
20230617;20;647.73
20230617;21;676.54
20230617;22;670.13
20230617;23;633.57
20230617;24;577.76
20230618;1;575.69
20230618;2;542.61
20230618;3;511.39
20230618;4;542.7
20230618;5;551.24
20230618;6;557.52
20230618;7;526.57
20230618;8;519.1
20230618;9;512.44
20230618;10;493.21
20230618;11;413.8
20230618;12;376.78
20230618;13;409.28
20230618;14;427.96
20230618;15;449.32
20230618;16;478.89
20230618;17;515.87
20230618;18;548.75
20230618;19;660.42
20230618;20;691.75
20230618;21;716.15
20230618;22;687
20230618;23;635.41
20230618;24;549.09
20230619;1;523.16
20230619;2;526.92
20230619;3;527.2
20230619;4;592.66
20230619;5;573.73
20230619;6;609.21
20230619;7;742.01
20230619;8;742.66
20230619;9;741.75
20230619;10;591.69
20230619;11;519.29
20230619;12;515.76
20230619;13;515.77
20230619;14;515.86
20230619;15;520.15
20230619;16;622.15
20230619;17;745.02
20230619;18;749.92
20230619;19;778.8
20230619;20;814.61
20230619;21;835.89
20230619;22;796.71
20230619;23;722.12
20230619;24;651.39
20230620;1;591.06
20230620;2;551.24
20230620;3;574.6
20230620;4;597.77
20230620;5;587.35
20230620;6;568.58
20230620;7;733.72
20230620;8;737.75
20230620;9;745.98
20230620;10;682.67
20230620;11;559.98
20230620;12;523.97
20230620;13;521.55
20230620;14;530.76
20230620;15;576.41
20230620;16;680.85
20230620;17;739.56
20230620;18;740.44
20230620;19;745.84
20230620;20;763.24
20230620;21;781.14
20230620;22;753.37
20230620;23;743.16
20230620;24;692.21
20230621;1;627.08
20230621;2;611.47
20230621;3;603.24
20230621;4;610.71
20230621;5;604.91
20230621;6;613.41
20230621;7;719.61
20230621;8;779.71
20230621;9;788.34
20230621;10;759.28
20230621;11;719.82
20230621;12;709.49
20230621;13;708.81
20230621;14;714.52
20230621;15;739.15
20230621;16;755.81
20230621;17;727.4
20230621;18;773.96
20230621;19;879.59
20230621;20;918.47
20230621;21;906.08
20230621;22;841.84
20230621;23;745.61
20230621;24;677.95
20230622;1;602.46
20230622;2;589.39
20230622;3;599.49
20230622;4;588.06
20230622;5;581.66
20230622;6;609.18
20230622;7;771.65
20230622;8;887.17
20230622;9;865.1
20230622;10;796.48
20230622;11;743.72
20230622;12;726.42
20230622;13;715.53
20230622;14;715.27
20230622;15;734.72
20230622;16;764.71
20230622;17;753.36
20230622;18;854.63
20230622;19;929.45
20230622;20;930.17
20230622;21;939.26
20230622;22;876.5
20230622;23;746.65
20230622;24;624.66
20230623;1;581.66
20230623;2;610.72
20230623;3;603.62
20230623;4;594.24
20230623;5;611.34
20230623;6;594.11
20230623;7;730.39
20230623;8;696.23
20230623;9;715.95
20230623;10;666.73
20230623;11;683.08
20230623;12;704.52
20230623;13;727.95
20230623;14;707.74
20230623;15;708.91
20230623;16;710.7
20230623;17;730.41
20230623;18;731.12
20230623;19;704.66
20230623;20;711.76
20230623;21;707.85
20230623;22;670.39
20230623;23;688.27
20230623;24;606.98
20230624;1;560.21
20230624;2;547.32
20230624;3;579.36
20230624;4;573.12
20230624;5;565.15
20230624;6;573.59
20230624;7;547.59
20230624;8;489.03
20230624;9;504.86
20230624;10;563.65
20230624;11;588.14
20230624;12;644.64
20230624;13;643.44
20230624;14;611.81
20230624;15;552.86
20230624;16;599.91
20230624;17;630.81
20230624;18;625.77
20230624;19;649.52
20230624;20;649.44
20230624;21;655.99
20230624;22;667.53
20230624;23;697.42
20230624;24;606.26
20230625;1;548.79
20230625;2;525.78
20230625;3;548.25
20230625;4;557.12
20230625;5;544.44
20230625;6;559.86
20230625;7;547.46
20230625;8;509.09
20230625;9;493.56
20230625;10;395.76
20230625;11;287.23
20230625;12;336.92
20230625;13;339.29
20230625;14;295.74
20230625;15;303.59
20230625;16;399.48
20230625;17;500.04
20230625;18;638.13
20230625;19;734
20230625;20;731.34
20230625;21;722.44
20230625;22;706.46
20230625;23;662.96
20230625;24;563.5
20230626;1;661.09
20230626;2;655.51
20230626;3;656.32
20230626;4;655.28
20230626;5;647.01
20230626;6;682.84
20230626;7;791.06
20230626;8;791.49
20230626;9;750.47
20230626;10;680.54
20230626;11;581.75
20230626;12;559.89
20230626;13;565.76
20230626;14;568.95
20230626;15;577.54
20230626;16;674.01
20230626;17;737.09
20230626;18;770.42
20230626;19;842.33
20230626;20;883.68
20230626;21;899.03
20230626;22;856.71
20230626;23;741.58
20230626;24;633.01
20230627;1;598.47
20230627;2;576.23
20230627;3;579.91
20230627;4;572.75
20230627;5;558.76
20230627;6;548.56
20230627;7;565.27
20230627;8;586.42
20230627;9;572.43
20230627;10;481.89
20230627;11;442.47
20230627;12;408.59
20230627;13;388.47
20230627;14;410.63
20230627;15;426.19
20230627;16;459.8
20230627;17;487.71
20230627;18;575.66
20230627;19;660.68
20230627;20;696.35
20230627;21;701.68
20230627;22;691.9
20230627;23;692.63
20230627;24;581.83
20230628;1;504.46
20230628;2;514.89
20230628;3;508.54
20230628;4;507.48
20230628;5;475.39
20230628;6;466.2
20230628;7;545.08
20230628;8;580.85
20230628;9;584.93
20230628;10;571.65
20230628;11;535.57
20230628;12;573.84
20230628;13;574.73
20230628;14;565.57
20230628;15;548.12
20230628;16;575.61
20230628;17;567.95
20230628;18;572.82
20230628;19;630.81
20230628;20;715.23
20230628;21;733.25
20230628;22;714.27
20230628;23;705.97
20230628;24;593.6
20230629;1;532.65
20230629;2;504.19
20230629;3;500.2
20230629;4;500.39
20230629;5;497.96
20230629;6;498.45
20230629;7;570.42
20230629;8;592.51
20230629;9;580.38
20230629;10;542.37
20230629;11;513.77
20230629;12;496.83
20230629;13;496.04
20230629;14;495.97
20230629;15;504.13
20230629;16;530.15
20230629;17;545.42
20230629;18;586.68
20230629;19;689.33
20230629;20;742.11
20230629;21;778.04
20230629;22;758.54
20230629;23;727.36
20230629;24;614.2
20230630;1;522.02
20230630;2;479.95
20230630;3;476.24
20230630;4;476.71
20230630;5;474.03
20230630;6;487.94
20230630;7;584.75
20230630;8;609.19
20230630;9;653.71
20230630;10;617.35
20230630;11;603.51
20230630;12;621.15
20230630;13;617.67
20230630;14;619.92
20230630;15;623.39
20230630;16;600.06
20230630;17;610.81
20230630;18;636.63
20230630;19;703.64
20230630;20;726.4
20230630;21;729.35
20230630;22;726.83
20230630;23;685.72
20230630;24;582.09
20230701;1;554.2
20230701;2;531.6
20230701;3;489.02
20230701;4;495.31
20230701;5;475.46
20230701;6;473.18
20230701;7;481.65
20230701;8;494.09
20230701;9;502.02
20230701;10;549.92
20230701;11;539.47
20230701;12;517.79
20230701;13;492.61
20230701;14;491.91
20230701;15;493.48
20230701;16;493.53
20230701;17;519.07
20230701;18;572.98
20230701;19;622.65
20230701;20;637.03
20230701;21;632.78
20230701;22;595.42
20230701;23;550.83
20230701;24;462.16
20230702;1;412.21
20230702;2;384.22
20230702;3;395.34
20230702;4;388.36
20230702;5;269.79
20230702;6;227.57
20230702;7;225.01
20230702;8;166.35
20230702;9;60.01
20230702;10;22.92
20230702;11;19.98
20230702;12;19.39
20230702;13;16.kwi
20230702;14;16.43
20230702;15;16.39
20230702;16;16.36
20230702;17;pa�.77
20230702;18;30.sie
20230702;19;197.39
20230702;20;432.88
20230702;21;435.05
20230702;22;423.42
20230702;23;414.33
20230702;24;333.83
20230703;1;310.04
20230703;2;227.87
20230703;3;216.41
20230703;4;211.19
20230703;5;203.22
20230703;6;284.74
20230703;7;446.01
20230703;8;461.97
20230703;9;414.12
20230703;10;217.89
20230703;11;200.02
20230703;12;203.51
20230703;13;197.05
20230703;14;210.11
20230703;15;206.48
20230703;16;254.65
20230703;17;324.9
20230703;18;489.71
20230703;19;695.82
20230703;20;721.26
20230703;21;722.69
20230703;22;721.41
20230703;23;674.72
20230703;24;563.5
20230704;1;510.88
20230704;2;503.39
20230704;3;492.14
20230704;4;501.77
20230704;5;486.44
20230704;6;449.58
20230704;7;513.52
20230704;8;540.62
20230704;9;502.46
20230704;10;308.5
20230704;11;208.32
20230704;12;203.71
20230704;13;203.39
20230704;14;203.75
20230704;15;248.65
20230704;16;241.42
20230704;17;398.94
20230704;18;500.83
20230704;19;731.04
20230704;20;733.01
20230704;21;760.41
20230704;22;760.92
20230704;23;733.8
20230704;24;713.3
20230705;1;594.18
20230705;2;568.91
20230705;3;568.52
20230705;4;557.92
20230705;5;548.38
20230705;6;556.35
20230705;7;632.09
20230705;8;657.22
20230705;9;641.42
20230705;10;558.65
20230705;11;473.95
20230705;12;454.19
20230705;13;447.14
20230705;14;454.15
20230705;15;492.42
20230705;16;498.12
20230705;17;581.35
20230705;18;679.99
20230705;19;720.26
20230705;20;721.17
20230705;21;720.36
20230705;22;709.23
20230705;23;689.77
20230705;24;572.9
20230706;1;510.07
20230706;2;514.39
20230706;3;525.29
20230706;4;525.4
20230706;5;514.88
20230706;6;504.39
20230706;7;642.36
20230706;8;688.94
20230706;9;689.96
20230706;10;665.06
20230706;11;583.69
20230706;12;526.21
20230706;13;515.04
20230706;14;515.06
20230706;15;520.13
20230706;16;561.99
20230706;17;582.06
20230706;18;704.98
20230706;19;672.7
20230706;20;756.69
20230706;21;836.93
20230706;22;829.97
20230706;23;767.06
20230706;24;687.29
20230707;1;551.04
20230707;2;496
20230707;3;475.96
20230707;4;469.63
20230707;5;473
20230707;6;483.82
20230707;7;637.61
20230707;8;703.33
20230707;9;714.61
20230707;10;649.93
20230707;11;480.52
20230707;12;482.78
20230707;13;482.01
20230707;14;481.07
20230707;15;482.03
20230707;16;526.57
20230707;17;592.9
20230707;18;704.62
20230707;19;645.05
20230707;20;731.71
20230707;21;794.23
20230707;22;725.5
20230707;23;676.45
20230707;24;697.59
20230708;1;481.94
20230708;2;451.05
20230708;3;442.44
20230708;4;429.51
20230708;5;423.77
20230708;6;423
20230708;7;432.83
20230708;8;454.14
20230708;9;471.72
20230708;10;429.13
20230708;11;413.83
20230708;12;383.19
20230708;13;371.98
20230708;14;346.37
20230708;15;360.35
20230708;16;371.24
20230708;17;459.69
20230708;18;461.85
20230708;19;524.71
20230708;20;593.22
20230708;21;609.06
20230708;22;600.95
20230708;23;563.93
20230708;24;504.62
20230709;1;489.52
20230709;2;484.04
20230709;3;452.5
20230709;4;492.1
20230709;5;479.65
20230709;6;470.26
20230709;7;457.7
20230709;8;400.12
20230709;9;364.06
20230709;10;299.6
20230709;11;216.63
20230709;12;172.34
20230709;13;140.25
20230709;14;85.22
20230709;15;102.8
20230709;16;158.94
20230709;17;289.31
20230709;18;474.38
20230709;19;515.52
20230709;20;600.61
20230709;21;630.63
20230709;22;630.06
20230709;23;587.81
20230709;24;516.88
20230710;1;494.45
20230710;2;484.04
20230710;3;488.18
20230710;4;488.39
20230710;5;488.88
20230710;6;472.89
20230710;7;551.6
20230710;8;611.81
20230710;9;622.04
20230710;10;584.42
20230710;11;506.71
20230710;12;505.5
20230710;13;504.53
20230710;14;506.94
20230710;15;515.1
20230710;16;573.18
20230710;17;620.03
20230710;18;699.74
20230710;19;720.24
20230710;20;747.34
20230710;21;769.44
20230710;22;764.64
20230710;23;722.34
20230710;24;595.6